Unique station number,Unique sample event number,State,method,Stream_Name,EPA assigned site number,Sample_Date.1,BobN,DaveN,DonC,DougB,Ernie,Guy,HilaryS,LeonT,Mike,SteveF,SusanD,Fuzzy Model,total Ind,total taxa,PCAtt2,Att2 taxa,PCAtt3,Att3 taxa,PCAtt4,Att4 taxa,PCAtt5,Att5 taxa,PCAtt6,Att6 taxa,PCephem,ephem taxa,PC pleco,pleco taxa,PC Tricho,tricho taxa,PCHydro,PCtubi,PCnonins
119,119,NH,20 random toss 4m2 area,Indian River,EPA HEX 24.01 NH,8/12/2001,,,4.5,5.5,4.2,3.8,,,4.5,5.5,,3,207,37,0.014492754,3,0.222222222,10,0.68115942,19,0.057971014,4,0,0,3.8647343,5,0.483091787,1,2.898550725,4,0.004830918,0,0.019323671
120,120,NH,20 random toss 4m2 area,Indian Stream,NH HEX 2.05,7/23/2003,,4.8,,,,,,,,,,3,301,59,0.053156146,5,0.186046512,13,0.697674419,29,0.046511628,11,0,0,12.95681063,8,1.661129568,2,8.305647841,7,0.026578073,0,0.019933555
122,122,ME,20 random toss 4m2 area,Jellison Meadow Brook,EPA HEX 21.01 ME,9/17/2002,2.8,,,4.2,3.2,3.2,,,3.8,3.5,,3,246,51,0.06504065,6,0.300813008,13,0.528455285,22,0.089430894,8,0,0,18.69918699,7,1.62601626,2,19.51219512,12,0.036585366,0,0.032520325
125,125,NH,20 random toss 4m2 area,Johnson Brook,NH HEX 23.01,7/30/2002,,,3.5,,,,,3.8,,,,2,248,38,0.056451613,6,0.637096774,17,0.294354839,12,0.008064516,2,0,0,7.661290323,7,1.612903226,3,8.064516129,8,0.008064516,0,0.012096774
127,127,ME,20 random toss 4m2 area,Kenduskeag River,EPA HEX 13.03 ME (A),9/16/2002,,5.5,,4.5,4.2,3.8,,,3.2,3.8,,,261,44,0.022988506,4,0.026819923,3,0.739463602,29,0.164750958,5,0,0,26.43678161,5,0,0,8.812260536,5,0.026819923,0,0.08045977
129,129,ME,20 random toss 4m2 area,Kennebunk River,EPA HEX 31.02 ME,8/5/2001,,,4.2,4.2,4.5,3.8,,,4.8,3.8,,,201,45,0.019900498,1,0.084577114,7,0.666666667,28,0.099502488,5,0,0,7.960199005,3,0,0,8.955223881,6,0.034825871,0.029850746,0.104477612
130,130,VT,20 random toss 4m2 area,Kent Pond Outlet,VT HEX 4.01 (RD),7/30/2002,,,,4.8,,,,,,4.8,,5,171,32,0.01754386,2,0.403508772,8,0.421052632,16,0.14619883,6,0,0,1.169590643,1,0,0,10.52631579,4,0.093567251,0.011695906,0.081871345
146,146,ME,20 random toss 4m2 area,Logan Brook,EPA HEX 7.03 ME,7/26/2001,,,,3.8,3.2,3.5,,3.2,3.5,3.8,,2,219,33,0.132420091,6,0.401826484,10,0.397260274,14,0.02283105,1,0,0,13.69863014,5,1.826484018,2,15.52511416,5,0.02283105,0,0.196347032
148,148,MA,20 random toss 4m2 area,Longwater Brook,EPA HEX 38.02 MA,9/11/2001,,,,5.5,5.5,5.8,,,5.5,5.5,5.5,,203,29,0.014778325,2,0.073891626,4,0.270935961,16,0.610837438,5,0,0,0.985221675,1,0,0,20.68965517,5,0.118226601,0.251231527,0.60591133
157,157,ME,20 random toss 4m2 area,Medomak River,EPA HEX 27.01 ME,8/4/2001,,,4.2,4.5,3.8,3.5,,,3.2,5.2,,5,257,47,0.011673152,2,0.13618677,9,0.774319066,30,0.058365759,4,0,0,7.782101167,4,0,0,11.28404669,9,0.011673152,0,0.108949416
159,159,VT,20 random toss 4m2 area,Mettawee River,EPA HEX 28.05 VT,8/16/2001,,,2.8,3.2,2.5,2.8,,,3.2,3.8,,3,214,29,0.126168224,7,0.313084112,7,0.523364486,11,0.009345794,2,0,0,38.78504673,3,10.28037383,4,18.22429907,5,0.009345794,0,0.018691589
160,160,VT,20 random toss 4m2 area,Miles Stream,VT HEX 8.02 (2005),8/6/2003,,,,3.5,,,,,,3.8,,3,217,48,0.050691244,6,0.387096774,17,0.377880184,19,0.138248848,6,0,0,15.20737327,6,3.686635945,4,17.97235023,9,0.096774194,0,0.004608295
161,161,CT,20 random toss 4m2 area,Mill Brook,EPA HEX 35.04 CT,10/23/2001,,,3.5,3.2,3.5,3.5,,,3.2,4.8,,3,200,42,0.025,2,0.51,15,0.375,17,0.05,6,0,0,7.5,3,37,5,4.5,4,0,0,0.055
162,162,ME,20 random toss 4m2 area,Mill Brook,ME HEX 55.02,7/17/2003,,,,,,,3.5,2.5,,,3.5,3,523,71,0.059273423,5,0.210325048,17,0.653919694,38,0.055449331,8,0,0,17.01720841,7,4.780114723,2,12.42829828,10,0.019120459,0,0.216061185
163,163,NH,20 random toss 4m2 area,Mill Brook,NH HEX 58.03,6/25/2003,,4.8,,,,,,,,,,5,197,48,0.030456853,3,0.14213198,11,0.725888325,27,0.055837563,6,0,0,0.507614213,1,1.52284264,1,3.553299492,4,0.015228426,0,0.076142132
164,164,VT,20 random toss 4m2 area,Mill Brook (Rupert VT),VT HEX 10.01 (RD) (2004),7/9/2003,,,,5.2,,,,,,4.5,,3,215,38,0.051162791,4,0.358139535,8,0.488372093,22,0.060465116,3,0,0,4.186046512,2,3.720930233,2,8.372093023,7,0.018604651,0,0.013953488
165,165,VT,20 random toss 4m2 area,Mill Brook (Fairfax VT),VT HEX 13.03 (RD) (2004),7/3/2002,,,,3.8,,,,,,4.5,,4,205,46,0.024390244,4,0.312195122,9,0.585365854,27,0.073170732,6,0,0,6.341463415,5,0.975609756,2,5.365853659,2,0.053658537,0,0.014634146
167,167,VT,20 random toss 4m2 area,Mill River (Georgia VT),VT HEX 4.01 (2004),8/6/2002,,,,5.2,,,,,,4.8,,5,193,31,0.010362694,1,0.398963731,8,0.518134715,16,0.062176166,5,0,0,11.91709845,4,4.14507772,1,2.590673575,4,0.015544041,0.005181347,0.005181347
169,169,VT,20 random toss 4m2 area,Miller Run,EPA HEX 18.01 VT,9/23/2001,,,,3.8,3.2,3.2,,,2.5,4.5,3.8,3,206,49,0.155339806,5,0.126213592,11,0.538834951,24,0.140776699,8,0,0,16.01941748,7,0,0,24.75728155,14,0.072815534,0,0.048543689
172,172,VT,20 random toss 4m2 area,Morril Brook,VT HEX 15.01 (2005),8/21/2003,,,,3.5,,,,,,3.8,,3,214,48,0.051401869,4,0.392523364,20,0.425233645,19,0.079439252,4,0,0,8.411214953,7,6.074766355,4,25.23364486,8,0.088785047,0,0.023364486
175,175,VT,20 random toss 4m2 area,Mosher Meadow Brook,VT HEX 15.01 (2004),8/21/2003,,,,3.8,,,,,,3.5,,2,239,49,0.09623431,7,0.40167364,16,0.418410042,22,0.075313808,4,0,0,24.26778243,5,3.765690377,4,16.73640167,10,0.066945607,0,0.054393305
176,176,VT,20 random toss 4m2 area,Mount Tabor Brook,VT HEX 11.01,7/1/2003,,,,3.8,,,,,,3.5,,2,180,37,0.027777778,4,0.594444444,15,0.322222222,15,0.011111111,1,0,0,15.55555556,8,2.222222222,2,15,5,0.011111111,0,0.011111111
180,180,ME,20 random toss 4m2 area,Musquash Brook,EPA HEX 7.07 ME,7/30/2003,,4.2,,2.8,3.5,3.2,,,3.5,4.5,,2,227,52,0.193832599,9,0.378854626,16,0.392070485,23,0.030837004,3,0,0,10.57268722,8,13.65638767,6,15.4185022,8,0.017621145,0,0.026431718
181,181,ME,20 random toss 4m2 area,Narraguagus River,EPA HEX 21.10 ME (A),7/23/2001,,,4.5,4.8,3.8,3.2,,,4.2,4.2,,,223,34,0.067264574,5,0.080717489,9,0.780269058,14,0.040358744,5,0,0,8.071748879,5,1.34529148,2,8.968609865,9,0.022421525,0,0.112107623
182,182,CT,riffle targeted kick net 2m2 area,Natchaug River,CT HEX 20,10/18/2002,,,,,3.2,2.5,,,2.5,,,2,233,41,0.068669528,10,0.356223176,13,0.47639485,14,0.094420601,4,0,0,36.05150215,11,1.716738197,2,27.03862661,12,0.090128755,0,0.025751073
185,185,CT,15 random toss 3m2 area,Neck River,CT HEX 57.04,10/9/2002,,,,,5.2,4.8,,,4.8,,,4,200,49,0.145,4,0.09,9,0.445,23,0.255,9,0,0,16.5,4,0.5,1,9.5,8,0.01,0.135,0.48
187,187,ME,20 random toss 4m2 area,New Brook,EPA HEX 22.09 ME,8/3/2001,,,,3.5,5.2,4.5,,,4.2,3.5,5.2,,195,48,0.005128205,1,0.097435897,8,0.758974359,29,0.061538462,7,0,0,4.102564103,3,0,0,9.743589744,6,0.056410256,0.015384615,0.174358974
188,188,NH,20 random toss 4m2 area,Newell Brook,NH HEX 9.05,7/24/2002,,,4.5,,,,,,,,1.5,2,206,33,0.257281553,4,0.27184466,9,0.398058252,14,0.024271845,4,0,0,24.27184466,5,2.912621359,2,25.72815534,5,0.009708738,0,0.029126214
191,191,VT,20 random toss 4m2 area,North Branch Ball Mountain Brook,VT HEX 8.02,9/2/2003,,,,3.5,,,,,,3.8,,2,219,39,0.205479452,7,0.315068493,14,0.269406393,13,0.164383562,5,0,0,29.22374429,7,4.109589041,3,40.1826484,9,0.159817352,0,0.01369863
193,193,ME,20 random toss 4m2 area,North Branch Meduxnekeag River,EPA HEX 5.07 ME,7/28/2003,3.8,,,3.2,2.5,2.5,,,2.8,3.5,,2,251,51,0.183266932,7,0.490039841,16,0.258964143,24,0.039840637,3,0,0,21.9123506,12,7.171314741,3,6.772908367,7,0.019920319,0,0.051792829
194,194,NH,20 random toss 4m2 area,North Branch River,NH HEX 4.04,7/30/2002,2.8,,,3.5,2.5,3.2,,,2.5,4.2,,3,171,43,0.140350877,8,0.321637427,6,0.391812865,17,0.099415205,7,0,0,4.678362573,3,11.69590643,5,6.432748538,4,0.005847953,0,0.064327485
200,200,NH,20 random toss 4m2 area,Otter Brook,NH HEX 51.04,8/6/2002,,,4.2,,,,,,,,3.8,3,219,44,0.04109589,3,0.333333333,14,0.511415525,20,0.100456621,6,0,0,6.849315068,2,4.109589041,2,14.15525114,8,0.068493151,0,0.02283105
213,213,RI,20 random toss 4m2 area,Peeptoad Brook,RSD45,8/11/2000,,,,4.2,3.5,3.5,,3.8,4.8,4.8,,3,224,48,0.071428571,4,0.1875,11,0.65625,28,0.026785714,5,0,0,11.60714286,3,0.892857143,1,12.5,9,0.004464286,0.004464286,0.294642857
215,215,ME,20 random toss 4m2 area,Petite Brook,EPA HEX 1.08 ME,7/24/2002,3.5,,,3.5,2.5,3.2,,,3.2,3.2,,3,202,45,0.03960396,6,0.400990099,11,0.49009901,23,0.02970297,3,0,0,19.8019802,5,2.97029703,2,9.405940594,9,0.004950495,0,0.054455446
216,216,VT,20 random toss 4m2 area,Pherrins River,VT HEX 8.01 (2004),8/20/2003,,,,3.8,,,,,,3.5,,3,200,51,0.04,5,0.195,15,0.645,21,0.11,9,0,0,24.5,7,0.5,1,12.5,10,0.025,0.01,0.035
217,217,NH,20 random toss 4m2 area,Piscataquog River,NH HEX 45.04,7/10/2002,,,4.2,,,,,,,,3.5,4,190,43,0.005263158,1,0.136842105,11,0.731578947,21,0.1,10,0,0,13.15789474,7,2.105263158,1,12.10526316,9,0.031578947,0,0.542105263
222,222,NH,20 random toss 4m2 area,Poland Brook,NH HEX 30.02,7/15/2003,,3.5,,,,,,,,,,,219,44,0.01369863,3,0.050228311,6,0.662100457,22,0.242009132,12,0,0,7.762557078,6,0,0,2.283105023,3,0,0.00456621,0.105022831
228,228,NH,20 random toss 4m2 area,Purgatory Brook,NH HEX 53.01,7/19/2002,,,4.2,,,,,,,,2.8,3,214,43,0.11682243,3,0.327102804,13,0.439252336,19,0.088785047,7,0,0,7.476635514,4,11.21495327,3,8.878504673,6,0.060747664,0,0.051401869
231,231,NH,20 random toss 4m2 area,Riddle Brook,NH HEX 54.01,7/8/2003,,5.8,,,,,,,,,,,213,44,0.004694836,1,0.03286385,4,0.676056338,24,0.201877934,9,0,0,3.755868545,4,0,0,0.469483568,1,0.004694836,0.089201878,0.497652582
232,232,ME,20 random toss 4m2 area,River De Chute,EPA HEX 5.02 ME,7/20/2001,,,,3.8,2.8,3.8,,,4.5,3.5,1.8,,207,44,0.043478261,5,0.342995169,13,0.516908213,19,0.048309179,4,0,0,13.04347826,5,3.8647343,3,5.797101449,3,0.038647343,0,0.154589372
233,233,NH,20 random toss 4m2 area,Roaring Brook,NH HEX 8.02,7/30/2002,,4.2,,3.8,3.5,3.5,,,3.8,4.8,,3,190,47,0.057894737,4,0.168421053,12,0.689473684,25,0.073684211,5,0,0,6.315789474,6,4.210526316,2,9.473684211,9,0.052631579,0,0.036842105
245,245,CT,20 random toss 4m2 area,Saugatuck River,EPA HEX 39.01 CT,10/24/2001,,,4.5,3.8,3.5,3.8,,,3.5,4.5,,5,218,35,0.009174312,1,0.5,8,0.371559633,21,0.077981651,4,0,0,13.76146789,4,28.44036697,2,17.43119266,9,0.036697248,0,0.068807339
250,250,MA,20 random toss 4m2 area,Sawmill River,EPA HEX 32.06 MA,8/30/2001,,,,3.8,3.5,3.8,,,4.5,4.5,3.2,5,236,39,0.016949153,2,0.13559322,6,0.610169492,21,0.161016949,8,0,0,16.52542373,4,0.847457627,1,17.37288136,6,0.139830508,0.004237288,0.101694915
252,252,ME,20 random toss 4m2 area,Schoodic Brook,EPA HEX 13.02 ME,7/24/2001,,,3.8,3.5,3.5,3.2,,,3.5,2.8,,,203,49,0.073891626,6,0.137931034,6,0.610837438,28,0.147783251,6,0,0,21.67487685,8,0.985221675,1,20.68965517,7,0.133004926,0,0.157635468
253,253,VT,20 random toss 4m2 area,Seaver Brook,VT HEX 2.03,7/2/2002,,,,4.2,,,,,,4.2,,3,274,48,0.010948905,3,0.189781022,17,0.532846715,21,0.248175182,6,0,0,23.35766423,6,3.649635036,4,16.42335766,7,0.109489051,0,0.01459854
260,260,NH,20 random toss 4m2 area,Simms Stream,NH HEX 5.04,7/30/2002,,3.5,,3.2,3.2,3.2,,,3.2,3.8,,3,232,44,0.142241379,6,0.344827586,12,0.400862069,21,0.047413793,4,0,0,37.93103448,9,5.603448276,4,16.37931034,6,0.099137931,0,0.034482759
263,263,ME,20 random toss 4m2 area,Snare Brook,EPA HEX 4.01 ME (A),7/19/2001,,,,3.8,3.8,3.8,,,3.5,4.5,3.5,3,214,31,0.093457944,4,0.668224299,12,0.205607477,14,0,0,0,0,6.074766355,4,3.738317757,3,8.411214953,6,0,0,0.051401869
264,264,NH,20 random toss 4m2 area,Souhegan River,NH HEX 59.03,8/8/2002,,,4.2,,,,,,,,3.8,5,212,36,0,0,0.108490566,7,0.594339623,24,0.183962264,5,0,0,8.490566038,4,0,0,35.8490566,8,0.297169811,0,0.183962264
266,266,ME,20 random toss 4m2 area,Spruce Brook,EPA HEX 14.10 ME,7/22/2001,,,,4.5,3.5,3.8,,3.2,3.5,4.2,,3,224,46,0.116071429,5,0.330357143,14,0.473214286,23,0.022321429,2,0,0,7.142857143,4,8.482142857,3,8.928571429,9,0.017857143,0,0.026785714
268,268,CT,20 random toss 4m2 area,Steele Brook,EPA HEX 40.03 CT,10/10/2001,,,,3.5,3.5,3.5,,,3.2,3.8,2.5,3,225,41,0.08,3,0.284444444,11,0.44,20,0.102222222,6,0,0,17.33333333,4,10.22222222,3,22.22222222,9,0.08,0,0.071111111
272,273,MA,20 random toss 4m2 area,Stop River,EPA HEX 37.01 MA,7/17/2002,3.5,,,4.8,4.5,5.2,,,5.2,4.8,,,203,41,0.024630542,3,0.083743842,5,0.699507389,23,0.113300493,6,0,0,6.403940887,3,0.492610837,1,22.16748768,5,0.113300493,0,0.162561576
278,278,ME,20 random toss 4m2 area,Teddy's Brook,EPA HEX 25.03 ME,8/7/2002,,4.8,,3.8,3.8,4.2,,,4.5,3.8,,,234,36,0.008547009,2,0.277777778,8,0.564102564,21,0.051282051,4,0,0,7.692307692,3,0.854700855,1,16.66666667,8,0.111111111,0,0.072649573
282,282,ME,20 random toss 4m2 area,Togus Stream,EPA HEX 26.11 ME,9/24/2001,,,4.2,3.5,3.2,2.8,,,3.8,3.2,,3,238,52,0.105042017,6,0.285714286,9,0.399159664,27,0.142857143,6,0,0,10.50420168,4,0,0,33.61344538,18,0.033613445,0,0.121848739
285,285,VT,20 random toss 4m2 area,Trib To Green River,VT HEX 6.02,7/14/2003,,,,3.8,,,,,,3.8,,,213,43,0.211267606,9,0.305164319,14,0.417840376,17,0.042253521,3,0,0,6.572769953,5,18.77934272,7,10.79812207,7,0.03286385,0,0.014084507
286,286,VT,20 random toss 4m2 area,Trout Brook,EPA HEX 9.01 VT,7/31/2002,,4.5,,3.5,3.8,4.5,,,4.2,4.8,,5,209,38,0.023923445,4,0.124401914,4,0.645933014,25,0.114832536,5,0,0,11.48325359,4,0.956937799,1,23.92344498,8,0.162679426,0,0.071770335
291,291,VT,20 random toss 4m2 area,Wardsboro Brook Trib #5,VT HEX 8.01,6/30/2003,,,,2.5,,,,,,2.5,,3,214,43,0.238317757,9,0.373831776,14,0.345794393,16,0,0,0,0,14.48598131,5,3.738317757,3,14.95327103,8,0,0,0.037383178
292,292,NH,20 random toss 4m2 area,Warren Brook,EPA HEX 29.07 NH,8/8/2001,,,,3.5,3.2,3.2,,,3.8,3.8,2.8,3,203,46,0.073891626,7,0.231527094,17,0.610837438,19,0.019704433,2,0,0,11.8226601,7,3.9408867,3,9.359605911,8,0.014778325,0,0.004926108
299,299,CT,20 random toss 4m2 area,West Branch Shepaug,EPA HEX 35.05 CT,8/8/2002,,4.2,,3.5,3.5,3.8,,,3.8,3.5,,2,202,49,0.099009901,5,0.400990099,18,0.405940594,18,0.034653465,4,0,0,3.96039604,3,3.96039604,4,8.910891089,7,0.004950495,0,0.02970297
300,300,VT,20 random toss 4m2 area,Whitman Brook Trib # 1,VT HEX 5.01 (RD),7/25/2002,,,,3.8,,,,,,3.5,,3,231,40,0.069264069,5,0.398268398,15,0.393939394,16,0.090909091,3,0,0,6.493506494,4,7.359307359,5,16.88311688,6,0.103896104,0,0.012987013
302,302,CT,20 random toss 4m2 area,Willimantic River,EPA HEX 36.03 CT,10/9/2001,,,,4.5,4.5,4.5,,3.8,5.2,5.2,,5,192,29,0,0,0.109375,6,0.375,17,0.494791667,5,0,0,11.45833333,5,1.041666667,1,60.41666667,8,0.473958333,0,0.098958333
303,303,VT,20 random toss 4m2 area,Willoughby River,EPA HEX 10.01 VT,9/22/2001,,,,2.5,3.2,2.8,,2.2,3.5,3.5,,2,225,49,0.186666667,9,0.235555556,13,0.431111111,21,0.133333333,5,0,0,22.22222222,7,2.222222222,3,40,14,0.106666667,0,0.048888889
305,305,NH,20 random toss 4m2 area,Winnicut River,NH HEX 48.04,7/1/2003,,5.2,,,,,,,,,,,277,25,0,0,0.003610108,1,0.924187726,17,0.057761733,6,0,0,0,0,0,0,1.083032491,1,0,0,0.823104693
306,306,VT,20 random toss 4m2 area,Winooski River,EPA HEX 16.07 VT (A),8/14/2001,,,,4.8,4.5,4.5,,,5.5,3.8,3.5,,240,26,0.020833333,2,0.054166667,3,0.5625,16,0.341666667,5,0,0,20.83333333,4,0,0,58.33333333,10,0.4375,0,0.008333333
308,308,VT,20 random toss 4m2 area,Winooski River (east),EPA HEX 17.02 VT (A),8/14/2001,,,,4.8,4.5,4.2,,,5.2,5.5,3.5,,201,35,0.019900498,2,0.109452736,7,0.407960199,16,0.417910448,9,0,0,9.452736318,5,0,0,0,0,0,0.029850746,0.059701493
311,311,ME,20 random toss 4m2 area,Youngs Brook,EPA HEX 5.02 MAINE,7/23/2002,,4.2,,3.8,3.5,3.5,,,4.2,4.2,,3,218,39,0.036697248,4,0.30733945,14,0.555045872,19,0.018348624,2,0,0,18.34862385,4,3.669724771,3,11.9266055,8,0.064220183,0,0.027522936
328,328,CT,riffle targeted kick net 2m2 area,Eight Mile River,18,10/17/2003,,,,,3.8,3.2,,,3.2,,,3,219,42,0,0,0.497716895,13,0.246575342,22,0.214611872,6,0,0,13.24200913,4,5.936073059,3,40.1826484,7,0.191780822,0,0.091324201
329,329,CT,riffle targeted kick net 2m2 area,Green Fall River,245,10/7/2003,,,,,3.8,3.2,,,2.5,,,3,232,42,0.051724138,7,0.340517241,17,0.512931034,15,0.094827586,3,0,0,14.22413793,3,5.603448276,3,30.17241379,13,0.094827586,0,0.00862069
330,330,CT,riffle targeted kick net 2m2 area,Mashamoquet Brook,224_CT,10/22/2002,,,,,3.8,2.8,,,3.2,,,2,217,43,0.105990783,4,0.331797235,16,0.525345622,20,0.023041475,3,0,0,22.58064516,8,8.294930876,3,18.43317972,10,0.01843318,0,0.01843318
331,331,CT,riffle targeted kick net 2m2 area,Neck River,259_CT,10/9/2002,,,,,3.8,3.8,,,3.5,,,2,200,44,0.185,5,0.355,14,0.3,19,0.14,4,0,0,15,4,5,4,16.5,11,0.035,0,0.14
332,332,CT,riffle targeted kick net 2m2 area,Quaker Brook,234,10/20/2003,,,,,3.5,3.8,,,3.8,,,3,215,35,0.004651163,1,0.679069767,16,0.28372093,15,0.03255814,3,0,0,25.58139535,2,7.906976744,3,28.8372093,10,0.041860465,0,0.051162791
333,333,CT,riffle targeted kick net 2m2 area,Sandy Brook,21,11/12/2003,,,,,2.8,2.5,,,3.2,,,2,219,37,0.315068493,7,0.484018265,15,0.155251142,12,0.0456621,3,0,0,47.48858447,9,6.849315068,2,28.31050228,13,0.0456621,0,0.03652968
335,334,CT,riffle targeted kick net 2m2 area-split in field,Saugatuck River,50_CT,11/5/2002,,,,,4.5,3.8,,,4.5,,,5,220,27,0,0,0.436363636,11,0.240909091,11,0.318181818,4,0,0,44.54545455,5,2.272727273,2,35.90909091,7,0.309090909,0,0.054545455
335,335,CT,riffle targeted kick net 2m2 area,Saugatuck River,50_CT,10/14/2003,,,,,4.5,4.2,,,4.8,,,5,214,25,0,0,0.630841121,10,0.186915888,11,0.182242991,4,0,0,34.11214953,4,29.43925234,3,27.10280374,5,0.177570093,0,0.018691589
336,336,CT,riffle targeted kick net 2m2 area,Shepaug River,25,10/20/2003,,,,,3.8,3.8,,,4.2,,,3,231,31,0.004329004,1,0.471861472,11,0.38961039,14,0.134199134,5,0,0,26.40692641,6,5.194805195,3,22.94372294,6,0.121212121,0,0.112554113
337,337,CT,riffle targeted kick net 2m2 area,Titicus River,235,10/20/2003,,,,,3.8,4.2,,,3.8,,,3,253,33,0.015810277,3,0.403162055,13,0.347826087,13,0.229249012,4,0,0,28.85375494,2,9.090909091,4,31.22529644,9,0.213438735,0,0.031620553
339,339,CT,riffle targeted kick net 2m2 area,Whitford Brook,250,10/9/2003,,,,,3.8,3.2,,,3.2,,,3,219,41,0.02283105,3,0.273972603,14,0.497716895,19,0.205479452,5,0,0,4.566210046,4,5.02283105,2,55.25114155,12,0.223744292,0,0.082191781
80,340,CT,20 random toss 4m2 area,Ekonk River,CT HEX 25.03,10/6/2003,,,,,3.8,2.5,,,5.2,,,3,222,50,0.040540541,3,0.292792793,18,0.567567568,25,0.094594595,4,0,0,16.21621622,8,4.054054054,3,20.72072072,7,0.085585586,0,0.09009009
244,341,CT,20 random toss 4m2 area,Sandy Brook,CT HEX 3.01,11/12/2003,,,,,3.2,2.5,,,3.2,,,2,220,41,0.318181818,7,0.359090909,18,0.231818182,12,0.081818182,4,0,0,39.09090909,8,8.636363636,7,21.36363636,9,0.072727273,0,0.063636364
243,342,CT,riffle targeted kick net 2m2 area,Salmon River,CT HEX 17A,10/8/2003,,,,,3.2,2.8,,,2.8,,,2,220,36,0.336363636,5,0.218181818,13,0.386363636,15,0.059090909,3,0,0,6.818181818,6,4.090909091,1,59.54545455,14,0.059090909,0,0.077272727
118,343,CT,20 random toss 4m2 area,Indian Meadow Brook,CT HEX 11.02,10/22/2003,,,,,3.2,2.2,,,2.5,,,2,230,51,0.234782609,8,0.460869565,24,0.256521739,15,0.039130435,4,0,0,30.43478261,8,14.34782609,7,19.13043478,13,0.060869565,0,0.108695652
6,367,VT,riffle targeted kick net 1m2 area,Andover Branch,VT HEX 12.01,9/2/2003,,,,2.5,,,,,,2.8,,2,723,47,0.110650069,6,0.658367911,19,0.135546335,19,0.094052559,2,0,0,23.09820194,6,12.17150761,7,25.17289073,6,0.060857538,0,0.026279391
11,368,VT,riffle targeted kick net 1m2 area,Batten Kill River,VT HEX 7.01,9/3/2003,,,,3.2,,,,,,3.8,,3,648,45,0.069444444,5,0.174382716,16,0.544753086,19,0.208333333,4,0,0,27.4691358,7,1.388888889,3,23.14814815,11,0.13117284,0,0.021604938
27,369,VT,riffle targeted kick net 1m2 area,Blood Brook,VT HEX 13.03,7/3/2003,,,,2.8,,,,,,3.2,,2,314,43,0.251592357,8,0.48089172,15,0.213375796,16,0.044585987,2,0,0,16.56050955,5,21.01910828,9,37.89808917,9,0.114649682,0,0.070063694
74,370,VT,riffle targeted kick net 1m2 area,East Branch North River,VT HEX 2.01,7/14/2003,,,,2.8,,,,,,3.2,,2,1161,58,0.181739879,10,0.406546081,24,0.261843239,19,0.142980189,5,0,0,39.27648579,8,4.220499569,8,27.47631352,9,0.136950904,0,0.010335917
93,371,VT,riffle targeted kick net 1m2 area,Gihon River,VT HEX 14.02 (RD),,,,,3.2,,,,,,3.5,,3,731,38,0.079343365,5,0.238030096,13,0.482900137,15,0.198358413,4,0,0,36.6621067,8,3.146374829,6,36.6621067,6,0.192886457,0,0
103,373,VT,riffle targeted kick net 1m2 area,Hancock Brook,VT HEX 1.01 (RD),7/29/2003,,,,3.5,,,,,,3.5,,3,521,44,0.088291747,6,0.211132438,18,0.504798464,15,0.190019194,3,0,0,2.303262956,4,13.62763916,7,24.37619962,6,0.165067179,0,0.017274472
115,374,VT,riffle targeted kick net 1m2 area,Hubbard Brook,VT HEX 14.02,7/8/2003,,,,3.2,,,,,,3.5,,2,344,36,0.281976744,7,0.433139535,14,0.255813953,12,0.026162791,2,0,0,32.84883721,4,16.56976744,7,27.90697674,8,0.046511628,0,0.130813953
130,375,VT,riffle targeted kick net 1m2 area,Kent Pond Outlet,VT HEX 4.01 (RD),,,,,4.8,,,,,,5.2,,5,190,27,0,0,0.284210526,6,0.442105263,14,0.268421053,6,0,0,2.105263158,1,0.526315789,1,10,3,0.084210526,0,0.010526316
160,376,VT,riffle targeted kick net 1m2 area,Miles Stream,VT HEX 8.02 (2005),8/6/2003,,,,2.5,,,,,,3.2,,2,450,49,0.128888889,7,0.442222222,19,0.284444444,19,0.144444444,4,0,0,42.88888889,8,4.222222222,6,26.44444444,10,0.135555556,0,0.002222222
165,377,VT,riffle targeted kick net 1m2 area,Mill Brook (Fairfax VT),VT HEX 13.03 (RD) (2004),,,,,3.5,,,,,,3.8,,3,458,43,0.043668122,4,0.22489083,12,0.401746725,21,0.329694323,6,0,0,9.6069869,3,13.31877729,4,32.7510917,7,0.296943231,0,0.008733624
164,378,VT,riffle targeted kick net 1m2 area,Mill Brook (Rupert VT),VT HEX 10.01 (RD) (2004),7/9/2003,,,,3.5,,,,,,3.8,,3,938,42,0.085287846,7,0.192963753,15,0.360341151,16,0.361407249,4,0,0,16.84434968,5,7.8891258,5,44.24307036,9,0.356076759,0,0.001066098
167,379,VT,riffle targeted kick net 1m2 area,Mill River (Georgia VT),VT HEX 4.01 (2004),,,,,3.2,,,,,,3.8,,3,294,35,0.098639456,3,0.530612245,15,0.204081633,14,0.074829932,2,0,0,5.442176871,3,32.31292517,6,12.92517007,6,0.074829932,0,0.003401361
172,380,VT,riffle targeted kick net 1m2 area,Morril Brook,VT HEX 15.01 (2005),8/21/2003,,,,2.8,,,,,,2.5,,2,562,45,0.300711744,7,0.346975089,18,0.185053381,17,0.165480427,2,0,0,33.80782918,6,13.16725979,9,28.46975089,6,0.165480427,0,0.003558719
175,381,VT,riffle targeted kick net 1m2 area,Mosher Meadow Brook,VT HEX 15.01 (2004),8/21/2003,,,,2.5,,,,,,3.2,,2,504,48,0.178571429,6,0.402777778,19,0.275793651,19,0.140873016,3,0,0,40.87301587,6,7.738095238,8,22.22222222,9,0.10515873,0,0.005952381
176,382,VT,riffle targeted kick net 1m2 area,Mount Tabor Brook,VT HEX 11.01,7/11/2003,,,,3.2,,,,,,2.5,,2,797,48,0.303638645,8,0.409033877,14,0.234629862,22,0.052697616,4,0,0,36.5119197,7,9.033877039,6,16.5621079,6,0.04642409,0,0.011292346
191,383,VT,riffle targeted kick net 1m2 area,North Branch Ball Mountain Brook,VT HEX 8.02,9/2/2003,,,,2.5,,,,,,3.2,,2,593,37,0.136593592,8,0.41989882,13,0.276559865,14,0.166947723,2,0,0,36.42495784,8,6.408094435,6,35.07588533,6,0.160202361,0,0
216,385,VT,riffle targeted kick net 1m2 area,Pherrins River,VT HEX 8.01 (2004),8/20/2003,,,,2.5,,,,,,3.2,,2,930,56,0.140860215,6,0.44516129,22,0.234408602,22,0.131182796,6,0,0,46.23655914,6,8.709677419,8,16.98924731,11,0.074193548,0,0.003225806
253,386,VT,riffle targeted kick net 1m2 area,Seaver Brook,VT HEX 2.03,,,,,3.5,,,,,,4.2,,3,583,43,0.041166381,4,0.200686106,14,0.420240137,21,0.337907376,4,0,0,29.67409949,6,5.831903945,7,25.55746141,6,0.15780446,0,0.039451115
94,387,VT,riffle targeted kick net 1m2 area,Goshen Brook Trib #2,VT HEX 8.02 (2006),7/9/2003,,,,2.2,,,,,,2.5,,2,612,43,0.222222222,8,0.504901961,12,0.147058824,17,0.094771242,4,0,0,21.07843137,7,28.26797386,8,27.12418301,8,0.075163399,0,0.001633987
300,388,VT,riffle targeted kick net 1m2 area,Whitman Brook Trib # 1,VT HEX 5.01 (RD),,,,,3.5,,,,,,3.8,,2,322,47,0.108695652,8,0.462732919,15,0.236024845,16,0.177018634,5,0,0,5.900621118,4,21.11801242,8,24.22360248,10,0.158385093,0,0.01552795
291,391,VT,riffle targeted kick net 1m2 area,Wardsboro Brook Trib #5,VT HEX 8.01,8/1/2003,,,,2.5,,,,,,2.5,,2,391,39,0.250639386,7,0.401534527,15,0.122762148,12,0.199488491,1,0,0,6.905370844,4,19.18158568,6,37.8516624,7,0.204603581,0,0.010230179
4,394,NH,Artificial substrate rock basket,Ames Brook,NH HEX 28.03,9/5/2003,,3.5,,,,,,,,,,2,508,41,0.114173228,5,0.381889764,12,0.289370079,17,0.06496063,5,0,0,48.42519685,7,1.57480315,4,10.82677165,12,0.005905512,0,0.025590551
8,395,NH,Artificial substrate rock basket,Ash Swamp Brook,NH HEX 57.03,9/19/2002,,,4.5,,,,,4.5,,,,,465,39,0,0,0.03655914,7,0.535483871,21,0.253763441,7,0,0,1.290322581,4,0.860215054,3,9.462365591,6,0.08172043,0,0.275268817
16,396,NH,Artificial substrate rock basket,Beaver Brook,NH HEX 61.04,9/16/2002,,,4.5,,,,,4.2,,,,,354,33,0,0,0.138418079,5,0.579096045,20,0.169491525,6,0,0,18.07909605,5,0.282485876,1,37.28813559,8,0.028248588,0.005649718,0.169491525
28,397,NH,Artificial substrate rock basket,Bog Brook,NH HEX 10.02,9/17/2003,,,,,,,,,,,2.5,2,1010,51,0.121782178,9,0.284158416,15,0.37029703,18,0.147524752,6,0,0,48.91089109,9,3.663366337,9,15.24752475,13,0.084158416,0.003960396,0.059405941
38,398,NH,Artificial substrate rock basket,Bumpus Brook,NH HEX 11.01,9/23/2002,,,4.5,,,,,5.5,,,,5,158,10,0.784810127,2,0.018987342,2,0.107594937,5,0,0,0,0,1.898734177,3,0.632911392,1,79.74683544,3,0,0,0.075949367
47,399,NH,Artificial substrate rock basket,Churchill Brook,NH HEX 35.01,9/18/2002,,,4.5,,,,,4.5,,,,,473,31,0.057082452,3,0.209302326,7,0.418604651,18,0.059196617,1,0,0,16.91331924,4,0.21141649,1,24.94714588,7,0,0,0.164904863
49,400,NH,Artificial substrate rock basket,Clark Brook,NH HEX 17.03,9/25/2002,,,3.5,,,,,2.8,,,,3,747,39,0.088353414,4,0.140562249,12,0.527443106,13,0.13253012,6,0,0,18.87550201,6,6.291834003,6,37.21552878,9,0.046854083,0,0.021419009
60,401,NH,Artificial substrate rock basket,Contoocook River,NH HEX 52.01,11/25/2003,,,3.8,,,,,,,,3.5,4,455,31,0.101098901,2,0.079120879,9,0.294505495,16,0.173626374,3,0,0,18.02197802,6,6.153846154,4,20.43956044,9,0.162637363,0,0.028571429
70,402,NH,Artificial substrate rock basket,Dodge Brook,NH HEX 44.02,10/20/2003,,4.2,,,,,,,,,,,680,34,0.080882353,2,0.135294118,6,0.295588235,17,0.194117647,6,0,0,15.14705882,4,0.294117647,1,25.29411765,11,0.007352941,0.005882353,0.055882353
75,403,NH,Artificial substrate rock basket,East Branch Saco River,NH HEX 16.02,9/30/2003,,2.8,,,,,,,,,,2,801,47,0.237203496,8,0.143570537,18,0.134831461,15,0.052434457,4,0,0,23.84519351,8,7.865168539,9,16.22971286,12,0.02372035,0,0.017478152
77,404,NH,Artificial substrate rock basket,Eastman Brook,NH HEX 18.01,8/22/2003,,3.5,,,,,,,,,,2,530,36,0.230188679,9,0.186792453,11,0.347169811,11,0.018867925,3,0,0,6.41509434,7,13.20754717,6,23.20754717,9,0.016981132,0,0.005660377
96,405,NH,Artificial substrate rock basket,Grant Brook,NH HEX 21.05,9/25/2002,,,3.5,,,,,2.5,,,,2,755,37,0.259602649,8,0.295364238,10,0.313907285,12,0.018543046,3,0,0,55.09933775,6,6.225165563,6,20.92715232,11,0.002649007,0,0.009271523
108,406,NH,Artificial substrate rock basket,Hewes Brook,NH HEX 26.05,9/2/2003,,,3.8,,,,,3.8,,,,3,440,34,0.165909091,6,0.1,11,0.193181818,10,0.1,4,0,0,14.54545455,5,2.954545455,3,21.81818182,10,0.052272727,0,0.025
120,407,NH,Artificial substrate rock basket,Indian Stream,NH HEX 2.05,9/17/2003,,4.2,,,,,,,,,,3,1082,47,0.149722736,8,0.132162662,11,0.144177449,18,0.429759704,7,0,0,22.73567468,10,5.175600739,6,46.6728281,12,0.387245841,0.000924214,0.012014787
125,408,NH,Artificial substrate rock basket,Johnson Brook,NH HEX 23.01,9/18/2002,,,2.5,,,,,2.2,,,,3,329,30,0.291793313,7,0.462006079,10,0.161094225,10,0.015197568,2,0,0,49.84802432,7,6.990881459,5,28.87537994,7,0.03343465,0,0.027355623
163,409,NH,Artificial substrate rock basket,Mill Brook,NH HEX 58.03,9/4/2003,,3.2,,,,,,,,,,4,764,36,0.146596859,4,0.108638743,8,0.238219895,18,0.137434555,4,0,0,19.89528796,3,0.392670157,2,17.80104712,10,0.041884817,0,0.02617801
188,410,NH,Artificial substrate rock basket,Newell Brook,NH HEX 9.05,9/23/2002,,,2.8,,,,,,,,2.2,3,658,32,0.320668693,6,0.395136778,10,0.218844985,11,0.004559271,3,0,0,58.35866261,7,13.82978723,6,6.534954407,6,0.001519757,0,0.013677812
200,411,NH,Artificial substrate rock basket,Otter Brook,NH HEX 51.04,9/30/2002,,,3.5,,,,,,,,2.5,4,729,33,0.127572016,4,0.082304527,9,0.264746228,14,0.294924554,4,0,0,24.96570645,5,2.880658436,3,36.89986283,14,0.245541838,0,0.013717421
217,412,NH,Artificial substrate rock basket,Piscataquog River,NH HEX 45.04,9/16/2002,,,4.5,,,,,,,,3.8,5,318,34,0.047169811,2,0.166666667,6,0.600628931,19,0.059748428,5,0,0,28.30188679,5,0.943396226,1,23.27044025,9,0.031446541,0,0.235849057
222,413,NH,Artificial substrate rock basket,Poland Brook,NH HEX 30.02,9/8/2003,,5.2,3.5,,,,,,,,,,397,25,0.34256927,3,0.012594458,3,0.483627204,12,0.070528967,2,0,0,48.86649874,6,0,0,0.755667506,2,0,0,0.304785894
228,414,NH,Artificial substrate rock basket,Purgatory Brook,NH HEX 53.01,9/16/2002,,,3.8,,,,,,,,3.5,5,136,25,0.066176471,1,0.345588235,4,0.463235294,15,0.044117647,3,0,0,36.02941176,4,14.70588235,2,19.11764706,6,0.007352941,0,0.044117647
231,415,NH,Artificial substrate rock basket,Riddle Brook,NH HEX 54.01,9/4/2003,,5.5,,,,,,,,,,,344,21,0.029069767,1,0.002906977,1,0.043604651,9,0.311046512,5,0,0,3.488372093,2,0,0,2.034883721,4,0.005813953,0.23255814,0.296511628
264,416,NH,Artificial substrate rock basket,Souhegan River,NH HEX 59.03,9/30/2002,,,4.5,,,,,,,,4.5,5,1791,33,0.001675042,3,0.018425461,5,0.078168621,15,0.046342825,7,0,0,0.390843104,5,0.558347292,2,6.644332775,10,0.044667783,0,0.034059185
305,417,NH,Artificial substrate rock basket,Winnicut River,NH HEX 48.04,9/3/2003,,4.8,,,,,,,,,,,1569,35,0,0,0.002549395,2,0.22307202,20,0.407265774,9,0,0,0.956022945,3,0,0,30.59273423,6,0.298279159,0,0.29318037
100,418,ME,Artificial Substrate Rock Basket,Halfmoon Stream,ME HEX 48.05,8/12/2003,,,,,,,3.5,3.2,,,3.5,3,697,48,0.074605452,4,0.335724534,11,0.503586801,18,0.06456241,9,0,0,43.04160689,8,0.286944046,1,17.07317073,11,0.032998565,0,0.025824964
162,419,ME,Artificial Substrate Rock Basket,Mill Brook,ME HEX 55.02,8/15/2003,,,,,,,4.8,2.8,,,3.2,4,496,36,0.012096774,3,0.225806452,10,0.596774194,17,0.151209677,5,0,0,6.451612903,5,4.233870968,1,30.44354839,9,0.153225806,0,0.002016129
66,420,ME,Artificial Substrate Riffle Bags,Cupsuptic River,ME HEX 30.01,8/19/2003,,,,,,,2.5,1.8,,,2.5,2,560,33,0.1125,7,0.676785714,11,0.128571429,11,0.076785714,4,0,0,74.10714286,8,3.035714286,3,10,10,0.075,0,0.001785714
17,425,CT,20 random toss 4m2 area,Beaver Meadow Brook,CT HEX 39.01,10/9/2002,,,,,4.5,3.8,,,4.2,,,3,184,48,0.086956522,6,0.35326087,18,0.429347826,20,0.016304348,3,0,0,7.608695652,3,3.260869565,3,25,6,0.043478261,0.005434783,0.054347826
17,425,CT,riffle targeted kick net 2m2 area,Beaver Meadow Brook,CT HEX 39.01,10/9/2002,,,,,3.5,3.2,,,3.5,,,3,182,37,0.049450549,5,0.554945055,14,0.340659341,15,0.043956044,1,0,0,6.593406593,4,10.43956044,4,32.96703297,8,0.208791209,0,0.038461538
20,427,CT,20 random toss 4m2 area,Bentley Brook,CT HEX 33.04,8/14/2002,,,,,4.5,4.2,,,4.8,,,3,219,46,0.00456621,1,0.365296804,18,0.488584475,23,0.114155251,4,0,0,2.283105023,3,8.219178082,2,15.52511416,7,0.105022831,0,0.050228311
20,427,CT,riffle targeted kick net 2m2 area,Bentley Brook,CT HEX 33.04,8/14/2002,,,,,4.5,3.5,,,4.5,,,3,189,34,0.021164021,2,0.423280423,14,0.402116402,15,0.142857143,2,0,0,1.058201058,1,7.936507937,5,32.27513228,8,0.148148148,0,0.037037037
26,431,CT,riffle targeted kick net 2m2 area,Bladdens River,CT HEX 47.02,10/31/2002,,,,,4.5,4.2,,,3.5,,,,206,48,0.04368932,2,0.373786408,17,0.432038835,22,0.111650485,5,0,0,8.737864078,4,15.04854369,3,32.03883495,9,0.087378641,0,0.038834951
37,433,CT,20 random toss 4m2 area,Bull Mountain Brook,CT HEX 27.02,10/29/2002,,,,,4.8,3.8,,,5.2,,,3,211,37,0.009478673,2,0.194312796,10,0.758293839,22,0.037914692,3,0,0,4.265402844,2,7.109004739,3,3.791469194,5,0.023696682,0,0.151658768
37,433,CT,riffle targeted kick net 2m2 area,Bull Mountain Brook,CT HEX 27.02,10/29/2002,,,,,4.2,3.8,,,4.2,,,4,215,37,0.004651163,1,0.204651163,11,0.772093023,22,0.018604651,3,0,0,5.581395349,3,3.720930233,4,7.441860465,7,0.018604651,0,0.195348837
73,441,CT,20 random toss 4m2 area,East Branch Byram River,CT HEX 59.01,10/3/2002,,,,,4.8,4.5,,,4.2,,,4,197,37,0.086294416,2,0.182741117,10,0.47715736,15,0.23857868,8,0,0,12.69035533,3,3.045685279,3,8.629441624,3,0.081218274,0.081218274,0.111675127
73,441,CT,riffle targeted kick net 2m2 area,East Branch Byram River,CT HEX 59.01,10/3/2002,,,,,3.8,4.2,,,4.5,,,4,231,39,0.034632035,1,0.19047619,10,0.493506494,22,0.216450216,5,0,0,9.956709957,5,8.658008658,2,11.68831169,5,0.082251082,0.121212121,0.177489177
80,447,CT,20 random toss 4m2 area,Ekonk River,CT HEX 25.03,10/17/2002,,,,,4.5,3.5,,,3.8,,,3,228,41,0.026315789,3,0.342105263,16,0.596491228,18,0.021929825,3,0,0,5.263157895,4,2.192982456,3,6.140350877,7,0,0,0.078947368
80,447,CT,riffle targeted kick net 2m2 area,Ekonk River,CT HEX 25.03,10/17/2002,,,,,3.8,3.8,,,3.2,,,3,225,44,0.008888889,2,0.275555556,17,0.577777778,20,0.084444444,4,0,0,3.111111111,3,8.444444444,3,29.77777778,10,0.075555556,0,0.24
84,453,CT,20 random toss 4m2 area,Farmington River,CT HEX 21.02,10/21/2002,,,,,4.2,2.5,,,3.5,,,3,249,43,0.012048193,2,0.269076305,15,0.449799197,18,0.269076305,8,0,0,20.88353414,7,1.204819277,3,42.1686747,16,0.248995984,0,0.052208835
84,453,CT,riffle targeted kick net 2m2 area,Farmington River,CT HEX 21.02,10/21/2002,,,,,3.8,3.8,,,3.5,,,3,252,34,0.003968254,1,0.253968254,14,0.317460317,14,0.424603175,5,0,0,23.80952381,6,1.984126984,2,46.82539683,9,0.380952381,0,0.043650794
87,459,CT,20 random toss 4m2 area,Flat Brook,CT HEX 31.02,10/7/2002,,,,,4.5,2.5,,,3.5,,,2,192,40,0.046875,5,0.526041667,17,0.322916667,13,0.041666667,3,0,0,13.54166667,6,5.208333333,4,21.35416667,6,0.135416667,0,0.114583333
87,459,CT,riffle targeted kick net 2m2 area,Flat Brook,CT HEX 31.02,10/7/2002,,,,,3.8,3.2,,,3.5,,,2,245,35,0.069387755,6,0.583673469,15,0.187755102,11,0.142857143,3,0,0,8.979591837,5,5.714285714,4,44.48979592,9,0.27755102,0,0.012244898
88,461,CT,20 random toss 4m2 area,Flat Brook,CT HEX 51.02,10/15/2002,,,,,4.5,2.8,,,3.5,,,3,195,54,0.030769231,4,0.41025641,17,0.364102564,25,0.174358974,7,0,0,4.102564103,3,3.076923077,5,11.79487179,9,0.066666667,0.01025641,0.179487179
88,461,CT,riffle targeted kick net 2m2 area,Flat Brook,CT HEX 51.02,10/15/2002,,,,,5.5,4.5,,,4.5,,,4,243,31,0.004115226,1,0.395061728,11,0.29218107,16,0.308641975,3,0,0,1.646090535,1,0,0,47.73662551,9,0.329218107,0,0.028806584
118,473,CT,20 random toss 4m2 area,Indian Meadow Brook,CT HEX 11.02,10/8/2002,,,,,3.5,2.5,,,3.2,,,2,200,50,0.125,7,0.39,18,0.395,21,0.075,3,0,0,20,5,12.5,6,10,10,0.01,0,0.12
118,473,CT,riffle targeted kick net 2m2 area,Indian Meadow Brook,CT HEX 11.02,10/8/2002,,,,,2.8,2.5,,,2.2,,,2,208,41,0.230769231,6,0.548076923,16,0.168269231,14,0.052884615,5,0,0,35.57692308,6,15.86538462,8,12.98076923,10,0.019230769,0,0.038461538
133,475,CT,20 random toss 4m2 area,Lake Waramaug Brook,CT HEX 19.02,10/30/2002,,,,,4.2,2.8,,,3.5,,,3,261,45,0.049808429,5,0.295019157,11,0.398467433,21,0.252873563,7,0,0,12.2605364,5,11.87739464,5,27.5862069,6,0.237547893,0,0.042145594
133,475,CT,riffle targeted kick net 2m2 area,Lake Waramaug Brook,CT HEX 19.02,10/30/2002,,,,,3.5,3.5,,,4.5,,,3,236,28,0.008474576,1,0.427966102,10,0.199152542,12,0.36440678,5,0,0,28.38983051,6,8.898305085,3,41.10169492,6,0.343220339,0,0.042372881
137,477,CT,20 random toss 4m2 area,Latimer Brook,CT HEX 41.05,10/5/2002,,,,,4.5,3.8,,,4.5,,,3,211,37,0.08056872,2,0.208530806,10,0.63507109,19,0.052132701,5,0,0,22.27488152,4,3.317535545,1,6.161137441,7,0.033175355,0,0.421800948
137,477,CT,riffle targeted kick net 2m2 area,Latimer Brook,CT HEX 41.05,10/5/2002,,,,,3.8,3.5,,,4.5,,,3,245,36,0.040816327,3,0.334693878,17,0.371428571,14,0.253061224,2,0,0,9.387755102,4,4.081632653,3,34.69387755,6,0.253061224,0,0.065306122
140,479,CT,20 random toss 4m2 area,Limekiln Brook,CT HEX 45.04,10/5/2002,,,,,5.2,4.2,,,5.5,,,5,202,31,0.00990099,2,0.292079208,5,0.455445545,18,0.242574257,6,0,0,2.475247525,3,25.74257426,2,23.26732673,5,0.202970297,0.014851485,0.044554455
140,479,CT,riffle targeted kick net 2m2 area,Limekiln Brook,CT HEX 45.04,10/5/2002,,,,,5.5,5.2,,,5.5,,,5,209,18,0,0,0.263157895,6,0.100478469,9,0.636363636,3,0,0,4.306220096,2,22.96650718,1,64.11483254,5,0.626794258,0,0
152,481,CT,20 random toss 4m2 area,Mashamoquet Brook,CT HEX 17.08,10/22/2002,,,,,4.2,3.8,,,3.5,,,,196,44,0.107142857,3,0.102040816,10,0.62244898,23,0.163265306,8,0,0,18.36734694,7,2.551020408,2,9.693877551,6,0.025510204,0.056122449,0.25
177,489,CT,20 random toss 4m2 area,Mountain Brook,CT HEX 13.02,10/28/2002,,,,,3.5,2.5,,,3.5,,,2,165,35,0.248484848,5,0.375757576,17,0.309090909,11,0.006060606,1,0,0,9.696969697,3,6.666666667,5,24.24242424,7,0.024242424,0,0.012121212
177,489,CT,riffle targeted kick net 2m2 area,Mountain Brook,CT HEX 13.02,10/28/2002,,,,,2.8,2.8,,,2.5,,,2,178,47,0.247191011,8,0.370786517,22,0.331460674,15,0.016853933,1,0,0,12.92134831,3,9.550561798,7,31.46067416,11,0.06741573,0,0.011235955
183,493,CT,20 random toss 4m2 area,Naugatuck River,CT HEX 29.03,10/1/2002,,,,,5.8,5.8,,,6.5,,,5,195,15,0,0,0.01025641,2,0.723076923,7,0.205128205,6,0,0,0.512820513,1,0,0,16.92307692,3,0.158974359,0,0.030769231
183,493,CT,riffle targeted kick net 2m2 area,Naugatuck River,CT HEX 29.03,10/1/2002,,,,,5.5,5.5,,,6.5,,,5,191,13,0,0,0.005235602,1,0.408376963,6,0.539267016,6,0,0,0,0,0,0,57.59162304,4,0.486910995,0,0.020942408
184,495,CT,20 random toss 4m2 area,Naugatuck River,CT HEX 37.01,10/2/2002,,,,,5.5,5.5,,,6.5,,,5,202,22,0,0,0.004950495,1,0.297029703,12,0.683168317,9,0,0,0.495049505,1,0,0,62.87128713,4,0.410891089,0,0.227722772
184,495,CT,riffle targeted kick net 2m2 area,Naugatuck River,CT HEX 37.01,10/2/2002,,,,,5.5,5.8,,,6.5,,,6,197,9,0,0,0,0,0.015228426,2,0.868020305,7,0,0,0.507614213,1,0,0,96.44670051,3,0.776649746,0,0
197,501,CT,20 random toss 4m2 area,Norwalk River,CT HEX 53.04,10/3/2002,,,,,4.5,4.2,,,5.2,,,5,200,41,0.005,1,0.08,8,0.53,22,0.345,10,0,0,6,3,0.5,1,35.5,6,0.275,0,0.05
197,501,CT,riffle targeted kick net 2m2 area,Norwalk River,CT HEX 53.04,10/3/2002,,,,,5.5,4.8,,,5.5,,,5,215,17,0,0,0.065116279,3,0.279069767,10,0.655813953,4,0,0,8.837209302,3,0,0,73.48837209,5,0.646511628,0,0
224,505,CT,20 random toss 4m2 area,Pond Meadow Brook,CT HEX 49.05,10/9/2002,,,,,4.5,3.5,,,5.2,,,3,215,41,0.004651163,1,0.446511628,13,0.418604651,23,0.130232558,4,0,0,6.976744186,5,3.720930233,4,21.39534884,6,0.11627907,0,0.041860465
224,505,CT,riffle targeted kick net 2m2 area,Pond Meadow Brook,CT HEX 49.05,10/9/2002,,,,,4.2,3.2,,,4.2,,,3,212,41,0.023584906,2,0.551886792,19,0.306603774,16,0.113207547,3,0,0,6.132075472,4,3.773584906,3,25,11,0.141509434,0,0.136792453
227,507,CT,20 random toss 4m2 area,Pumpkin Ground Brook,CT HEX 55.01,10/31/2002,,,,,5.5,4.5,,,5.5,,,5,209,34,0.023923445,1,0.071770335,4,0.789473684,21,0.114832536,8,0,0,2.392344498,1,0.956937799,1,9.56937799,5,0.076555024,0.009569378,0.401913876
227,507,CT,riffle targeted kick net 2m2 area,Pumpkin Ground Brook,CT HEX 55.01,10/31/2002,,,,,5.8,5.2,,,5.5,,,5,201,20,0.004975124,1,0.054726368,2,0.706467662,14,0.233830846,3,0,0,0,0,4.975124378,1,54.72636816,3,0.228855721,0,0.034825871
236,509,CT,20 random toss 4m2 area,Rocky Brook,CT HEX 9.02,10/17/2002,,,,,3.5,2.8,,,4.2,,,2,260,45,0.092307692,6,0.357692308,15,0.5,22,0.026923077,2,0,0,11.15384615,2,13.07692308,7,22.30769231,10,0.103846154,0,0.134615385
236,509,CT,riffle targeted kick net 2m2 area,Rocky Brook,CT HEX 9.02,10/17/2002,,,,,4.2,3.5,,,3.8,,,5,198,24,0.101010101,3,0.439393939,7,0.313131313,12,0.121212121,1,0,0,6.565656566,1,17.67676768,5,42.42424242,5,0.353535354,0,0.141414141
240,511,CT,20 random toss 4m2 area,Sages Ravine Brook,CT HEX 1.08,10/21/2002,,,,,4.5,2.8,,,3.8,,,3,205,35,0.112195122,8,0.268292683,14,0.585365854,10,0.024390244,2,0,0,5.365853659,4,1.951219512,4,21.95121951,10,0.063414634,0,0.014634146
240,511,CT,riffle targeted kick net 2m2 area,Sages Ravine Brook,CT HEX 1.08,10/21/2002,,,,,4.2,2.8,,,2.8,,,4,175,29,0.114285714,5,0.182857143,11,0.68,11,0.017142857,1,0,0,4.571428571,4,3.428571429,5,16,6,0.051428571,0,0.011428571
244,513,CT,20 random toss 4m2 area,Sandy Brook,CT HEX 3.01,10/8/2002,,,,,3.5,2.2,,,2.8,,,2,234,59,0.200854701,9,0.354700855,18,0.333333333,25,0.098290598,6,0,0,20.94017094,7,5.982905983,4,22.22222222,16,0.02991453,0.004273504,0.047008547
244,513,CT,riffle targeted kick net 2m2 area,Sandy Brook,CT HEX 3.01,10/8/2002,,,,,2.5,2.2,,,2.2,,,2,210,45,0.266666667,12,0.452380952,14,0.171428571,14,0.1,4,0,0,35.71428571,8,8.095238095,7,31.42857143,15,0.076190476,0,0
249,517,CT,20 random toss 4m2 area,Sawmill Brook,CT HEX 35.05,10/29/2002,,,,,3.5,2.5,,,2.2,,,2,192,47,0.130208333,8,0.546875,18,0.270833333,19,0.03125,2,0,0,7.291666667,4,12.5,5,23.4375,8,0.067708333,0,0.041666667
249,517,CT,riffle targeted kick net 2m2 area,Sawmill Brook,CT HEX 35.05,10/29/2002,,,,,3.2,2.8,,,3.5,,,2,207,39,0.241545894,6,0.492753623,16,0.198067633,14,0.057971014,2,0,0,6.763285024,4,20.77294686,5,35.26570048,7,0.144927536,0,0.024154589
257,521,CT,20 random toss 4m2 area,Shunock River,CT HEX 43.01,10/24/2002,,,,,4.5,4.2,,,4.8,,,3,199,45,0.020100503,2,0.236180905,11,0.537688442,25,0.201005025,7,0,0,28.64321608,6,0,0,18.59296482,9,0.08040201,0,0.195979899
257,521,CT,riffle targeted kick net 2m2 area,Shunock River,CT HEX 43.01,10/24/2002,,,,,3.8,3.5,,,3.8,,,3,216,40,0,0,0.421296296,15,0.37962963,19,0.175925926,6,0,0,28.7037037,5,2.314814815,2,25.46296296,10,0.138888889,0,0.125
258,523,CT,20 random toss 4m2 area,Shunock River,CT HEX 52.07,10/7/2003,,,,,3.8,2.8,,,3.5,,,3,234,45,0.008547009,1,0.273504274,16,0.431623932,19,0.282051282,9,0,0,5.555555556,5,2.564102564,3,43.58974359,12,0.200854701,0,0.136752137
258,523,CT,riffle targeted kick net 2m2 area,Shunock River,CT HEX 52.07,10/7/2003,,,,,3.8,3.8,,,3.2,,,3,223,41,0.004484305,1,0.278026906,17,0.515695067,15,0.197309417,7,0.004484305,1,3.587443946,4,2.69058296,2,51.56950673,11,0.156950673,0,0.044843049
269,527,CT,20 random toss 4m2 area,Stickney Hill Brook,CT HEX 7.06,10/10/2002,,,,,3.5,2.8,,,4.8,,,2,202,38,0.222772277,5,0.366336634,14,0.376237624,19,0,0,0,0,39.6039604,7,13.36633663,4,2.97029703,4,0.004950495,0.01980198,0.054455446
269,527,CT,riffle targeted kick net 2m2 area,Stickney Hill Brook,CT HEX 7.06,10/10/2002,,,,,3.5,2.8,,,3.2,,,2,195,43,0.148717949,7,0.564102564,17,0.128205128,15,0.082051282,2,0,0,16.41025641,6,14.87179487,7,16.92307692,8,0.117948718,0,0.015384615
1,1,VT,20 random toss 4m2 area,3rd Branch White River,EPA HEX 23.01 VT,8/15/2001,,,,3.8,5.2,4.5,,,3.5,5.2,5.2,4,200,39,0.01,1,0.15,12,0.635,19,0.15,5,0,0,10,4,2,2,16.5,5,0.125,0.005,0.04
3,3,ME,20 random toss 4m2 area,Aegan Brook,EPA HEX 1.01 ME,7/18/2001,,,,3.2,3.2,3.2,,2.5,3.8,3.8,,2,200,41,0.07,5,0.605,16,0.235,15,0.01,1,0,0,12.5,5,4.5,3,12.5,8,0.01,0,0.06
4,4,NH,20 random toss 4m2 area,Ames Brook,NH HEX 28.03,7/7/2003,,,3.8,,,,,,,,3.8,3,256,49,0.04296875,6,0.171875,10,0.66796875,25,0.04296875,4,0,0,1.953125,4,3.125,3,12.109375,7,0.06640625,0,0.01953125
6,6,VT,20 random toss 4m2 area,Andover Branch,VT HEX 12.01,9/2/2003,,,,3.2,,,,,,2.5,,3,207,33,0.057971014,5,0.714975845,12,0.144927536,12,0.072463768,3,0,0,18.84057971,5,5.314009662,3,26.08695652,6,0.009661836,0,0.057971014
8,8,NH,20 random toss 4m2 area,Ash Swamp Brook,NH HEX 57.03,7/18/2002,,,4.2,,,,,4.5,,,,,203,52,0.02955665,2,0.098522167,6,0.586206897,27,0.177339901,12,0,0,1.97044335,2,0,0,8.866995074,6,0.068965517,0.004926108,0.123152709
11,11,VT,20 random toss 4m2 area,Batten Kill River,VT HEX 7.01,9/3/2003,,,,4.2,,,,,,4.5,,3,246,52,0.101626016,6,0.223577236,13,0.528455285,26,0.138211382,7,0,0,26.82926829,10,0,0,24.79674797,9,0.089430894,0,0.073170732
14,14,ME,20 random toss 4m2 area,Bear River,EPA HEX 19.03 ME,7/28/2002,3.2,,,4.5,3.5,3.5,,,4.8,3.5,,,203,54,0.039408867,4,0.192118227,13,0.615763547,28,0.083743842,5,0,0,5.911330049,4,3.9408867,3,11.8226601,9,0.0591133,0,0.039408867
15,15,NH,20 random toss 4m2 area,Beaver Brook,EPA HEX 34.06 NH,8/28/2001,,,,4.8,4.8,4.2,,4.5,3.2,4.2,,,220,45,0.1,2,0.045454545,4,0.736363636,25,0.095454545,11,0,0,16.81818182,3,0,0,4.090909091,4,0.009090909,0.004545455,0.372727273
16,16,NH,20 random toss 4m2 area,Beaver Brook,NH HEX 61.04,7/16/2002,,,4.2,,,,,3.8,,,,,242,52,0.008264463,2,0.082644628,9,0.719008264,32,0.111570248,7,0,0,16.52892562,4,0.41322314,1,11.98347107,5,0.05785124,0,0.033057851
19,19,NH,20 random toss 4m2 area,Beech River,EPA HEX 25.02 NH,8/9/2001,,,,3.2,3.2,2.8,,,4.2,3.8,3.8,3,215,53,0.03255814,5,0.237209302,18,0.618604651,23,0.069767442,5,0,0,10.23255814,10,3.255813953,2,15.81395349,11,0.060465116,0,0.009302326
23,23,VT,20 random toss 4m2 area,Black Creek,EPA HEX 9.05 VT (A),8/13/2001,,,,4.5,3.2,4.5,,,5.2,5.5,3.2,,198,43,0.025252525,2,0.035353535,3,0.626262626,28,0.282828283,10,0,0,8.080808081,4,0,0,2.525252525,4,0.005050505,0.090909091,0.146464646
24,24,VT,20 random toss 4m2 area,Black River,EPA HEX 29.03 VT,8/1/2002,4.2,,,3.8,3.2,2.8,,,3.5,3.2,,4,235,42,0.072340426,6,0.272340426,8,0.591489362,23,0.012765957,3,0,0,19.57446809,7,1.70212766,2,7.659574468,7,0.017021277,0,0.021276596
27,27,VT,20 random toss 4m2 area,Blood Brook,VT HEX 13.03,7/10/2003,,,,3.5,,,,,,3.2,,2,236,42,0.080508475,6,0.512711864,17,0.347457627,17,0,0,0,0,6.779661017,4,3.813559322,4,16.94915254,8,0.016949153,0,0.055084746
28,28,NH,20 random toss 4m2 area,Bog Brook,NH HEX 10.02,7/24/2003,,,4.2,,,,,,,,1.8,3,250,53,0.068,7,0.324,11,0.436,28,0.132,7,0,0,6.4,6,3.2,3,20,10,0.144,0,0.052
29,29,RI,20 random toss 4m2 area,Borden Brook,RSD28,9/20/2000,,,,,,,,,,,,5,206,35,0.063106796,4,0.131067961,10,0.684466019,19,0.019417476,1,0,0,2.912621359,1,0,0,11.16504854,8,0.014563107,0,0.262135922
30,30,ME,20 random toss 4m2 area,Boyden Stream,EPA HEX 15.02 ME,8/3/2001,,,,4.2,4.5,4.5,,,3.5,3.5,3.8,,200,40,0.005,1,0.065,3,0.795,25,0.09,8,0,0,8,2,0,0,6.5,6,0.005,0.005,0.545
38,38,NH,20 random toss 4m2 area,Bumpus Brook,NH HEX 11.01,7/22/2002,,,3.2,,,,,2.2,,,,2,207,41,0.222222222,7,0.338164251,14,0.362318841,18,0,0,0,0,33.33333333,5,14.97584541,5,7.729468599,6,0.009661836,0,0.019323671
39,39,VT,20 random toss 4m2 area,Burgess Branch,VT HEX 6.01,8/7/2002,,,,,,,,,,,,5,230,34,0.013043478,3,0.334782609,7,0.37826087,18,0.226086957,5,0,0,3.913043478,1,2.173913043,4,6.086956522,3,0.052173913,0,0.02173913
43,43,ME,20 random toss 4m2 area,Carrying Place Stream,EPA HEX 12.02 ME,7/26/2001,,,4.5,3.5,3.5,2.8,,,3.2,4.5,,2,236,39,0.06779661,5,0.5,16,0.398305085,16,0,0,0,0,16.52542373,6,3.389830508,3,6.779661017,8,0.008474576,0,0.021186441
45,45,NH,20 random toss 4m2 area,Cedar Stream,EPA HEX 11.06 NH,7/28/2002,3.5,,,3.5,2.5,3.2,,,2.8,2.8,,3,226,46,0.075221239,7,0.212389381,12,0.668141593,22,0.022123894,3,0,0,24.33628319,6,4.424778761,3,20.79646018,9,0.026548673,0,0.084070796
46,46,ME,20 random toss 4m2 area,Chemquasabamticook Brook,EPA HEX 3.04 ME,7/24/2002,,3.8,,3.2,3.2,2.8,,,3.5,3.2,,2,225,40,0.208888889,9,0.306666667,10,0.373333333,15,0.075555556,3,0,0,32,6,2.666666667,2,27.55555556,12,0.084444444,0.004444444,0.031111111
47,47,NH,20 random toss 4m2 area,Churchill Brook,NH HEX 35.01,7/11/2002,,,4.2,,,,,,,,4.5,,196,49,0.045918367,6,0.081632653,7,0.780612245,28,0.056122449,4,0,0,12.24489796,7,1.020408163,1,4.591836735,6,0.010204082,0,0.025510204
49,49,NH,20 random toss 4m2 area,Clark Brook,NH HEX 17.03,7/26/2002,,,4.5,,,,,4.2,,,,2,205,35,0.063414634,3,0.453658537,13,0.356097561,15,0.097560976,3,0,0,2.926829268,2,3.902439024,3,18.04878049,7,0.097560976,0,0.058536585
53,53,NH,20 random toss 4m2 area,Cocheco River,EPA HEX 30.04 NH,8/10/2001,,,,3.5,3.5,3.5,,,4.2,4.5,2.8,,229,51,0.026200873,3,0.310043668,10,0.541484716,27,0.069868996,8,0,0,20.96069869,7,1.746724891,2,9.6069869,10,0.026200873,0,0.061135371
57,57,CT,20 random toss 4m2 area,Comstock Brook,EPA HEX 39.10 CT (A),8/14/2002,,4.5,,3.5,3.8,3.8,,,4.2,5.2,,3,192,47,0.03125,1,0.255208333,16,0.557291667,23,0.145833333,6,0,0,1.5625,1,5.729166667,3,21.35416667,8,0.114583333,0,0.15625
58,58,NH,20 random toss 4m2 area,Connecticut River,NH HEX 1.03,7/29/2002,2.5,,,2.5,2.5,2.5,,,3.2,2.2,,2,240,41,0.1375,8,0.508333333,13,0.270833333,18,0.029166667,1,0,0,25.83333333,10,10.41666667,3,7.083333333,9,0.029166667,0,0.045833333
60,60,NH,20 random toss 4m2 area,Contoocook River,NH HEX 52.01,9/10/2003,,,4.5,,,,,,,,3.5,3,228,46,0.004385965,1,0.23245614,15,0.605263158,23,0.140350877,5,0,0,13.15789474,5,0.438596491,1,21.49122807,10,0.162280702,0.00877193,0.078947368
66,66,ME,20 random toss 4m2 area,Cupsuptic River,ME HEX 30.01,7/16/2003,,,,,,,3.2,3.5,,,3.8,2,214,41,0.056074766,7,0.462616822,12,0.457943925,19,0.014018692,2,0,0,22.42990654,9,0.934579439,2,5.607476636,7,0.004672897,0,0.079439252
68,68,ME,20 random toss 4m2 area,Depot Stream,EPA HEX 3.05 ME (A),7/25/2001,,,,3.5,3.5,2.8,,3.2,3.2,3.2,,,234,50,0.111111111,8,0.269230769,13,0.487179487,22,0.098290598,5,0,0,11.11111111,9,0.427350427,1,20.08547009,13,0.076923077,0,0.235042735
69,69,NH,20 random toss 4m2 area,Dinsmore Stream,EPA HEX 33.03 NH,8/7/2001,,,,4.2,4.5,4.2,,,4.5,4.2,3.8,,207,44,0.028985507,4,0.183574879,9,0.637681159,26,0.115942029,3,0,0,12.07729469,4,0,0,20.28985507,11,0.111111111,0,0.053140097
70,70,NH,20 random toss 4m2 area,Dodge Brook,NH HEX 44.02,8/4/2003,,4.3,,,,,,,,,,,305,46,0.006557377,1,0.013114754,4,0.813114754,30,0.144262295,8,0,0,1.967213115,1,0,0,8.852459016,6,0,0.003278689,0.344262295
74,74,VT,20 random toss 4m2 area,East Branch North River,VT HEX 2.01,7/14/2003,,,,3.5,,,,,,3.8,,,217,44,0.119815668,7,0.331797235,15,0.483870968,19,0.032258065,2,0,0,13.3640553,8,2.304147465,3,19.35483871,9,0.055299539,0,0.023041475
75,75,NH,20 random toss 4m2 area,East Branch Saco River,NH HEX 16.02,7/29/2003,,3.5,,,,,,,,,,2,221,46,0.076923077,9,0.49321267,13,0.330316742,19,0.07239819,4,0,0,11.76470588,9,2.714932127,3,15.83710407,9,0.081447964,0,0.009049774
77,77,NH,20 random toss 4m2 area,Eastman Brook,NH HEX 18.01,6/24/2003,,2.5,,,,,,,,,,3,241,31,0.336099585,10,0.356846473,10,0.298755187,9,0.004149378,1,0,0,53.1120332,10,2.489626556,4,16.59751037,5,0.004149378,0,0.004149378
79,79,CT,20 random toss 4m2 area,Eight Mile River,EPA HEX 41.05 CT,8/13/2002,,5.2,,3.5,3.5,3.2,,,3.2,4.5,,3,184,50,0.059782609,5,0.222826087,12,0.608695652,26,0.086956522,6,0,0,5.97826087,7,1.630434783,2,11.95652174,8,0.016304348,0.005434783,0.027173913
93,93,VT,20 random toss 4m2 area,Gihon River,VT HEX 14.02 (RD),7/3/2002,,,,3.2,,,,,,3.5,,2,220,45,0.145454545,6,0.4,18,0.336363636,15,0.095454545,5,0,0,35,8,9.090909091,3,19.09090909,10,0.077272727,0,0.013636364
94,94,VT,20 random toss 4m2 area,Goshen Brook Trib #2,VT HEX 8.02 (2006),7/9/2003,,,,2.8,,,,,,2.8,,2,239,44,0.158995816,8,0.506276151,14,0.305439331,19,0.008368201,2,0,0,11.71548117,5,8.368200837,4,13.38912134,8,0,0,0.008368201
96,96,NH,20 random toss 4m2 area,Grant Brook,NH HEX 21.05,7/25/2002,,,4.2,,,,,3.8,,,,3,201,42,0.049751244,5,0.487562189,8,0.383084577,21,0.064676617,6,0,0,16.41791045,6,0.995024876,2,8.955223881,8,0.029850746,0.004975124,0.019900498
97,97,MA,20 random toss 4m2 area,Great Swamp Brook,EPA HEX 42.01 MA,11/7/2001,,,,3.2,3.2,3.2,,,2.8,3.8,1.8,,210,46,0.161904762,6,0.376190476,13,0.39047619,21,0.052380952,5,0,0,24.28571429,4,4.761904762,4,19.04761905,12,0.042857143,0,0.047619048
99,99,ME,20 random toss 4m2 area,Greenleaf Brook,EPA HEX 8.06 ME,7/21/2001,,,,4.5,3.8,3.5,,2.8,4.2,3.8,,,222,37,0.040540541,5,0.342342342,10,0.5,17,0.094594595,5,0,0,11.71171171,5,3.153153153,3,9.459459459,5,0.067567568,0.009009009,0.337837838
100,100,ME,20 random toss 4m2 area,Halfmoon Stream,ME HEX 48.05,7/15/2003,,,,,,,4.5,3.8,,,3.5,4,257,43,0.015564202,4,0.089494163,9,0.704280156,23,0.175097276,6,0,0,7.003891051,5,1.167315175,2,16.34241245,5,0.13618677,0,0.105058366
101,101,ME,20 random toss 4m2 area,Halfway Brook,EPA HEX 2.03 ME,7/17/2001,,,,3.2,2.8,2.8,,,2.5,4.5,2.5,3,147,35,0.183673469,7,0.149659864,6,0.517006803,19,0.088435374,2,0,0,29.25170068,7,10.20408163,3,5.442176871,4,0.027210884,0.06122449,0.108843537
101,102,ME,20 random toss 4m2 area,Halfway Brook,EPA HEX 2.03 ME,7/23/2002,,,,,,,,,,,,2,341,46,0.064516129,8,0.583577713,10,0.299120235,21,0.041055718,5,0,0,15.83577713,9,5.571847507,2,3.519061584,6,0.011730205,0.014662757,0.058651026
103,103,VT,20 random toss 4m2 area,Hancock Brook,VT HEX 1.01 (RD),7/29/2003,,,,4.5,,,,,,3.8,,4,198,34,0.055555556,6,0.247474747,6,0.626262626,17,0.060606061,4,0,0,3.03030303,4,4.04040404,4,4.04040404,4,0.015151515,0,0.025252525
104,104,ME,20 random toss 4m2 area,Hardy Stream,EPA HEX 19.01 ME,9/21/2001,,,,2.5,2.8,2.8,,,3.2,3.2,1.5,2,213,37,0.276995305,10,0.338028169,8,0.262910798,14,0.037558685,3,0,0,31.92488263,7,7.511737089,3,26.29107981,10,0.037558685,0,0.093896714
108,108,NH,20 random toss 4m2 area,Hewes Brook,NH HEX 26.05,6/29/2003,,,3.2,,,,,2.2,,,,2,244,47,0.233606557,8,0.368852459,18,0.295081967,15,0.06147541,5,0,0,18.44262295,6,6.967213115,5,40.16393443,9,0.016393443,0,0.053278689
109,109,ME,20 random toss 4m2 area,Higgins Brook,EPA HEX 20.02 ME,7/23/2001,,,,4.8,3.8,3.8,,,3.8,4.8,3.8,4,222,39,0.031531532,4,0.094594595,8,0.815315315,25,0.009009009,2,0,0,26.12612613,6,0,0,6.756756757,8,0.004504505,0,0.022522523
113,113,ME,20 random toss 4m2 area,Horseshoe Stream,EPA HEX 11.05 ME,7/25/2001,,,,3.8,4.2,4.2,,4.2,5.2,4.5,,4,213,34,0.014084507,3,0.154929577,10,0.549295775,15,0.267605634,5,0,0,4.694835681,4,0.938967136,2,34.27230047,8,0.23943662,0,0.295774648
115,115,VT,20 random toss 4m2 area,Hubbard Brook,VT HEX 14.02,7/8/2003,,,,3.2,,,,,,2.8,,2,242,43,0.198347107,9,0.425619835,13,0.318181818,17,0.033057851,3,0,0,16.94214876,4,5.785123967,6,11.57024793,7,0.012396694,0,0.066115702
117,117,VT,20 random toss 4m2 area,Huntington River,EPA HEX 23.02 VT,8/1/2002,2.5,,,2.2,2.2,2.5,,,2.2,2.2,,2,164,40,0.18902439,7,0.432926829,14,0.347560976,15,0.018292683,3,0,0,21.95121951,4,19.51219512,5,15.24390244,8,0.006097561,0,0.012195122
