Stream_Name,EPA assigned site number,State,method,Sample_Date.1,ExpAv,ExpMin,Expmax,total Ind,total taxa,PCAtt2,Att2 taxa,PCAtt3,Att3 taxa,PCAtt4,Att4 taxa,PCAtt5,Att5 taxa,PCAtt6,Att6 taxa,PCephem,ephem taxa,PC pleco,pleco taxa,PC Tricho,tricho taxa,PCHydro,PCtubi,PCnonins,EPT taxa,EPT_Pct taxa,EPT_Pc_Ind,Sens taxa,Sens_PC_taxa,sensPc_indiv,Tol_Pc_Ind,AvtolPerTaxon
3rd Branch White River,EPA HEX 23.01 VT,VT,20 random toss 4m2 area,8/15/2001,4.485714286,3.5,5.2,200,39,0.01,1,0.15,12,0.635,19,0.15,5,0,0,10,4,2,2,16.5,5,0.125,0.005,0.04,11,0.282051282,28.5,13,0.333333333,0.16,0.15,3.564102564
Aegan Brook,EPA HEX 1.01 ME,ME,20 random toss 4m2 area,7/18/2001,3.1,2,3.8,200,41,0.07,5,0.605,16,0.235,15,0.01,1,0,0,12.5,5,4.5,3,12.5,8,0.01,0,0.06,16,0.390243902,29.5,21,0.512195122,0.675,0.01,3
Ames Brook,NH HEX 28.03,NH,20 random toss 4m2 area,7/7/2003,3.533333333,3,3.8,256,49,0.04296875,6,0.171875,10,0.66796875,25,0.04296875,4,0,0,1.953125,4,3.125,3,12.109375,7,0.06640625,0,0.01953125,14,0.285714286,17.1875,16,0.326530612,0.21484375,0.04296875,3.306122449
Ammonoosuc River,NH HEX 14.02,NH,20 random toss 4m2 area,8/6/2003,3,3,3,224,52,0.03125,6,0.191964286,12,0.566964286,25,0.191964286,8,0,0,16.51785714,7,0.892857143,1,9.375,9,0.058035714,0,0.071428571,17,0.326923077,26.78571429,18,0.346153846,0.223214286,0.191964286,3.615384615
Andover Branch,VT HEX 12.01,VT,20 random toss 4m2 area,9/2/2003,2.9,2.5,3.2,207,33,0.057971014,5,0.714975845,12,0.144927536,12,0.072463768,3,0,0,18.84057971,5,5.314009662,3,26.08695652,6,0.009661836,0,0.057971014,14,0.424242424,50.24154589,17,0.515151515,0.77294686,0.072463768,3.303030303
Appleby Brook,NH HEX 15.01,NH,20 random toss 4m2 area,8/2/2002,2,2,2,218,39,0.110091743,8,0.536697248,15,0.330275229,13,0.018348624,2,0,0,27.52293578,5,4.128440367,4,15.59633028,7,0.009174312,0,0.032110092,16,0.41025641,47.24770642,23,0.58974359,0.646788991,0.018348624,3.153846154
Ash Swamp Brook,NH HEX 57.03,NH,20 random toss 4m2 area,7/18/2002,4.35,4.2,4.5,203,52,0.02955665,2,0.098522167,6,0.586206897,27,0.177339901,12,0,0,1.97044335,2,0,0,8.866995074,6,0.068965517,0.004926108,0.123152709,8,0.153846154,10.83743842,8,0.153846154,0.128078818,0.177339901,3.653846154
Batten Kill River,VT HEX 7.01,VT,20 random toss 4m2 area,9/3/2003,3.9,3,4.5,246,52,0.101626016,6,0.223577236,13,0.528455285,26,0.138211382,7,0,0,26.82926829,10,0,0,24.79674797,9,0.089430894,0,0.073170732,19,0.365384615,51.62601626,19,0.365384615,0.325203252,0.138211382,3.653846154
Bear River,EPA HEX 19.03 ME,ME,20 random toss 4m2 area,7/28/2002,3.833333333,3.2,4.8,203,54,0.039408867,4,0.192118227,13,0.615763547,28,0.083743842,5,0,0,5.911330049,4,3.9408867,3,11.8226601,9,0.0591133,0,0.039408867,16,0.296296296,21.67487685,17,0.314814815,0.231527094,0.083743842,3.407407407
Beaver Brook,EPA HEX 34.06 NH,NH,20 random toss 4m2 area,8/28/2001,4.283333333,3.2,4.8,220,45,0.1,2,0.045454545,4,0.736363636,25,0.095454545,11,0,0,16.81818182,3,0,0,4.090909091,4,0.009090909,0.004545455,0.372727273,7,0.155555556,20.90909091,6,0.133333333,0.145454545,0.095454545,3.8
Beaver Brook,NH HEX 61.04,NH,20 random toss 4m2 area,7/16/2002,4,3.8,4.2,242,52,0.008264463,2,0.082644628,9,0.719008264,32,0.111570248,7,0,0,16.52892562,4,0.41322314,1,11.98347107,5,0.05785124,0,0.033057851,10,0.192307692,28.92561983,11,0.211538462,0.090909091,0.111570248,3.730769231
Beech River,EPA HEX 25.02 NH,NH,20 random toss 4m2 area,8/9/2001,3.428571429,2.8,4.2,215,53,0.03255814,5,0.237209302,18,0.618604651,23,0.069767442,5,0,0,10.23255814,10,3.255813953,2,15.81395349,11,0.060465116,0,0.009302326,23,0.433962264,29.30232558,23,0.433962264,0.269767442,0.069767442,3.41509434
Black Creek,EPA HEX 9.05 VT (A),VT,20 random toss 4m2 area,8/13/2001,4.35,3.2,5.5,198,43,0.025252525,2,0.035353535,3,0.626262626,28,0.282828283,10,0,0,8.080808081,4,0,0,2.525252525,4,0.005050505,0.090909091,0.146464646,8,0.186046512,10.60606061,5,0.11627907,0.060606061,0.282828283,4.069767442
Black River,EPA HEX 29.03 VT,VT,20 random toss 4m2 area,8/1/2002,3.528571429,2.8,4.2,235,42,0.072340426,6,0.272340426,8,0.591489362,23,0.012765957,3,0,0,19.57446809,7,1.70212766,2,7.659574468,7,0.017021277,0,0.021276596,16,0.380952381,28.93617021,14,0.333333333,0.344680851,0.012765957,3.404761905
Blood Brook,VT HEX 13.03,VT,20 random toss 4m2 area,7/10/2003,2.9,2,3.5,236,42,0.080508475,6,0.512711864,17,0.347457627,17,0,0,0,0,6.779661017,4,3.813559322,4,16.94915254,8,0.016949153,0,0.055084746,16,0.380952381,27.54237288,23,0.547619048,0.593220339,0,3.119047619
Bog Brook,NH HEX 10.02,NH,20 random toss 4m2 area,7/24/2003,3,1.8,4.2,250,53,0.068,7,0.324,11,0.436,28,0.132,7,0,0,6.4,6,3.2,3,20,10,0.144,0,0.052,19,0.358490566,29.6,18,0.339622642,0.392,0.132,3.660377358
Borden Brook,RSD28,RI,20 random toss 4m2 area,9/20/2000,5,5,5,206,35,0.063106796,4,0.131067961,10,0.684466019,19,0.019417476,1,0,0,2.912621359,1,0,0,11.16504854,8,0.014563107,0,0.262135922,9,0.257142857,14.0776699,14,0.4,0.194174757,0.019417476,3.4
Boyden Stream,EPA HEX 15.02 ME,ME,20 random toss 4m2 area,8/3/2001,4,3.5,4.5,200,40,0.005,1,0.065,3,0.795,25,0.09,8,0,0,8,2,0,0,6.5,6,0.005,0.005,0.545,8,0.2,14.5,4,0.1,0.07,0.09,3.775
Branch River,NH HEX 36.01,NH,20 random toss 4m2 area,7/17/2003,3,3,3,289,58,0.062283737,6,0.117647059,10,0.712802768,35,0.076124567,6,0,0,18.68512111,7,2.422145329,2,8.650519031,8,0.020761246,0.027681661,0.110726644,17,0.293103448,29.75778547,16,0.275862069,0.179930796,0.076124567,3.655172414
Browns River,VT HEX 10.02,VT,20 random toss 4m2 area,7/16/2002,5,5,5,202,36,0.014851485,2,0.207920792,9,0.727722772,18,0.04950495,7,0,0,20.2970297,6,2.97029703,1,3.465346535,5,0.00990099,0,0.173267327,12,0.333333333,26.73267327,11,0.305555556,0.222772277,0.04950495,3.833333333
Bumpus Brook,NH HEX 11.01,NH,20 random toss 4m2 area,7/22/2002,2.466666667,2,3.2,207,41,0.222222222,7,0.338164251,14,0.362318841,18,0,0,0,0,33.33333333,5,14.97584541,5,7.729468599,6,0.009661836,0,0.019323671,16,0.390243902,56.03864734,21,0.512195122,0.560386473,0,3.12195122
Burgess Branch,VT HEX 6.01,VT,20 random toss 4m2 area,8/7/2002,5,5,5,230,34,0.013043478,3,0.334782609,7,0.37826087,18,0.226086957,5,0,0,3.913043478,1,2.173913043,4,6.086956522,3,0.052173913,0,0.02173913,8,0.235294118,12.17391304,10,0.294117647,0.347826087,0.226086957,3.647058824
Carrying Place Stream,EPA HEX 12.02 ME,ME,20 random toss 4m2 area,7/26/2001,3.357142857,2,4.5,236,39,0.06779661,5,0.5,16,0.398305085,16,0,0,0,0,16.52542373,6,3.389830508,3,6.779661017,8,0.008474576,0,0.021186441,17,0.435897436,26.69491525,21,0.538461538,0.56779661,0,3.128205128
Carrying Place Stream,EPA HEX 12.02 ME,ME,20 random toss 4m2 area,7/27/2002,3,3,3,198,32,0.03030303,5,0.267676768,11,0.636363636,14,0,0,0,0,17.67676768,7,0.505050505,1,4.04040404,5,0.01010101,0,0.015151515,13,0.40625,22.22222222,16,0.5,0.297979798,0,3.09375
Cedar Stream,EPA HEX 11.06 NH,NH,20 random toss 4m2 area,7/28/2002,3.042857143,2.5,3.5,226,46,0.075221239,7,0.212389381,12,0.668141593,22,0.022123894,3,0,0,24.33628319,6,4.424778761,3,20.79646018,9,0.026548673,0,0.084070796,18,0.391304348,49.55752212,19,0.413043478,0.287610619,0.022123894,3.326086957
Chemquasabamticook Brook,EPA HEX 3.04 ME,ME,20 random toss 4m2 area,7/24/2002,3.1,2,3.8,225,40,0.208888889,9,0.306666667,10,0.373333333,15,0.075555556,3,0,0,32,6,2.666666667,2,27.55555556,12,0.084444444,0.004444444,0.031111111,20,0.5,62.22222222,19,0.475,0.515555556,0.075555556,3.075
Churchill Brook,NH HEX 35.01,NH,20 random toss 4m2 area,7/11/2002,4.35,4.2,4.5,196,49,0.045918367,6,0.081632653,7,0.780612245,28,0.056122449,4,0,0,12.24489796,7,1.020408163,1,4.591836735,6,0.010204082,0,0.025510204,14,0.285714286,17.85714286,13,0.265306122,0.12755102,0.056122449,3.367346939
Clark Brook,NH HEX 17.03,NH,20 random toss 4m2 area,7/26/2002,3.4,2,4.2,205,35,0.063414634,3,0.453658537,13,0.356097561,15,0.097560976,3,0,0,2.926829268,2,3.902439024,3,18.04878049,7,0.097560976,0,0.058536585,12,0.342857143,24.87804878,16,0.457142857,0.517073171,0.097560976,3.428571429
Cocheco River,EPA HEX 30.04 NH,NH,20 random toss 4m2 area,8/10/2001,3.666666667,2.8,4.5,229,51,0.026200873,3,0.310043668,10,0.541484716,27,0.069868996,8,0,0,20.96069869,7,1.746724891,2,9.6069869,10,0.026200873,0,0.061135371,19,0.37254902,32.31441048,13,0.254901961,0.336244541,0.069868996,3.607843137
Cold River,NH HEX 37.02,NH,20 random toss 4m2 area,7/17/2002,4,4,4,211,44,0.023696682,3,0.208530806,10,0.530805687,23,0.127962085,7,0,0,5.213270142,5,1.895734597,1,15.63981043,5,0.113744076,0,0.132701422,11,0.25,22.74881517,13,0.295454545,0.232227488,0.127962085,3.704545455
Cold River,NH HEX 43.03,NH,20 random toss 4m2 area,7/17/2002,2,2,2,210,43,0.295238095,8,0.180952381,11,0.438095238,20,0.061904762,4,0,0,24.76190476,7,3.333333333,3,27.14285714,9,0.057142857,0,0.123809524,19,0.441860465,55.23809524,19,0.441860465,0.476190476,0.061904762,3.465116279
Comstock Brook,EPA HEX 39.10 CT (A),CT,20 random toss 4m2 area,8/14/2002,4,3,5.2,192,47,0.03125,1,0.255208333,16,0.557291667,23,0.145833333,6,0,0,1.5625,1,5.729166667,3,21.35416667,8,0.114583333,0,0.15625,12,0.255319149,28.64583333,17,0.361702128,0.286458333,0.145833333,3.659574468
Connecticut River,NH HEX 1.03,NH,20 random toss 4m2 area,7/29/2002,2.485714286,2,3.2,240,41,0.1375,8,0.508333333,13,0.270833333,18,0.029166667,1,0,0,25.83333333,10,10.41666667,3,7.083333333,9,0.029166667,0,0.045833333,22,0.536585366,43.33333333,21,0.512195122,0.645833333,0.029166667,3.219512195
Connecticut River,NH HEX 3.05 (A),NH,20 random toss 4m2 area,7/29/2002,3,3,3,216,46,0.037037037,5,0.148148148,12,0.574074074,21,0.166666667,4,0,0,13.88888889,6,2.314814815,3,22.68518519,9,0.194444444,0,0.217592593,18,0.391304348,38.88888889,17,0.369565217,0.185185185,0.166666667,3.260869565
Contoocook River,NH HEX 52.01,NH,20 random toss 4m2 area,9/10/2003,3.5,3,4,228,46,0.004385965,1,0.23245614,15,0.605263158,23,0.140350877,5,0,0,13.15789474,5,0.438596491,1,21.49122807,10,0.162280702,0.00877193,0.078947368,16,0.347826087,35.0877193,16,0.347826087,0.236842105,0.140350877,3.565217391
Crooked Stream,ME HEX 41.05,ME,20 random toss 4m2 area,7/15/2003,4,4,4,226,52,0.026548673,4,0.150442478,10,0.632743363,26,0.146017699,11,0,0,15.48672566,5,2.654867257,1,13.71681416,10,0.097345133,0,0.048672566,16,0.307692308,31.85840708,14,0.269230769,0.17699115,0.146017699,3.788461538
Cupsuptic River,ME HEX 30.01,ME,20 random toss 4m2 area,7/16/2003,3.125,2,3.8,214,41,0.056074766,7,0.462616822,12,0.457943925,19,0.014018692,2,0,0,22.42990654,9,0.934579439,2,5.607476636,7,0.004672897,0,0.079439252,18,0.43902439,28.97196262,19,0.463414634,0.518691589,0.014018692,3.317073171
Dan Hole River,NH HEX 29.03,NH,20 random toss 4m2 area,7/12/2002,3,3,3,223,43,0.049327354,5,0.295964126,11,0.542600897,22,0.076233184,4,0,0,11.65919283,5,2.242152466,3,17.48878924,10,0.085201794,0,0.062780269,18,0.418604651,31.39013453,16,0.372093023,0.34529148,0.076233184,3.511627907
Depot Stream,EPA HEX 3.05 ME (A),ME,20 random toss 4m2 area,7/25/2001,3.233333333,2.8,3.5,234,50,0.111111111,8,0.269230769,13,0.487179487,22,0.098290598,5,0,0,11.11111111,9,0.427350427,1,20.08547009,13,0.076923077,0,0.235042735,23,0.46,31.62393162,21,0.42,0.38034188,0.098290598,3.36
Dinsmore Stream,EPA HEX 33.03 NH,NH,20 random toss 4m2 area,8/7/2001,4.233333333,3.8,4.5,207,44,0.028985507,4,0.183574879,9,0.637681159,26,0.115942029,3,0,0,12.07729469,4,0,0,20.28985507,11,0.111111111,0,0.053140097,15,0.340909091,32.36714976,13,0.295454545,0.212560386,0.115942029,3.5
Dodge Brook,NH HEX 44.02,NH,20 random toss 4m2 area,8/4/2003,4.3,4.3,4.3,305,46,0.006557377,1,0.013114754,4,0.813114754,30,0.144262295,8,0,0,1.967213115,1,0,0,8.852459016,6,0,0.003278689,0.344262295,7,0.152173913,10.81967213,5,0.108695652,0.019672131,0.144262295,3.782608696
Dole Brook,ME HEX 19.01,ME,20 random toss 4m2 area,7/27/2002,2,2,2,272,53,0.180147059,11,0.444852941,16,0.301470588,21,0.047794118,5,0,0,20.58823529,10,9.191176471,6,10.66176471,10,0.044117647,0,0.011029412,26,0.490566038,40.44117647,27,0.509433962,0.625,0.047794118,3.377358491
East Branch North River,VT HEX 2.01,VT,20 random toss 4m2 area,7/14/2003,3.1,2,3.8,217,44,0.119815668,7,0.331797235,15,0.483870968,19,0.032258065,2,0,0,13.3640553,8,2.304147465,3,19.35483871,9,0.055299539,0,0.023041475,20,0.454545455,35.02304147,22,0.5,0.451612903,0.032258065,3.295454545
East Branch Saco River,NH HEX 16.02,NH,20 random toss 4m2 area,7/29/2003,2.75,2,3.5,221,46,0.076923077,9,0.49321267,13,0.330316742,19,0.07239819,4,0,0,11.76470588,9,2.714932127,3,15.83710407,9,0.081447964,0,0.009049774,21,0.456521739,30.31674208,22,0.47826087,0.570135747,0.07239819,3.326086957
Eastman Brook,NH HEX 18.01,NH,20 random toss 4m2 area,6/24/2003,2.75,2.5,3,241,31,0.336099585,10,0.356846473,10,0.298755187,9,0.004149378,1,0,0,53.1120332,10,2.489626556,4,16.59751037,5,0.004149378,0,0.004149378,19,0.612903226,72.19917012,20,0.64516129,0.692946058,0.004149378,2.935483871
Eight Mile River,EPA HEX 41.05 CT,CT,20 random toss 4m2 area,8/13/2002,3.728571429,3,5.2,184,50,0.059782609,5,0.222826087,12,0.608695652,26,0.086956522,6,0,0,5.97826087,7,1.630434783,2,11.95652174,8,0.016304348,0.005434783,0.027173913,17,0.34,19.56521739,17,0.34,0.282608696,0.086956522,3.6
Ellis River,ME HEX 46.02,ME,20 random toss 4m2 area,7/16/2003,5,5,5,221,36,0.027149321,3,0.230769231,7,0.633484163,19,0.081447964,3,0,0,6.787330317,3,1.357466063,1,3.167420814,6,0.004524887,0,0.022624434,10,0.277777778,11.31221719,10,0.277777778,0.257918552,0.081447964,3.277777778
Gihon River,VT HEX 14.02 (RD),VT,20 random toss 4m2 area,7/3/2002,2.9,2,3.5,220,45,0.145454545,6,0.4,18,0.336363636,15,0.095454545,5,0,0,35,8,9.090909091,3,19.09090909,10,0.077272727,0,0.013636364,21,0.466666667,63.18181818,24,0.533333333,0.545454545,0.095454545,3.355555556
Goshen Brook Trib #2,VT HEX 8.02 (2006),VT,20 random toss 4m2 area,7/9/2003,2.533333333,2,2.8,239,44,0.158995816,8,0.506276151,14,0.305439331,19,0.008368201,2,0,0,11.71548117,5,8.368200837,4,13.38912134,8,0,0,0.008368201,17,0.386363636,33.47280335,22,0.5,0.665271967,0.008368201,3.272727273
Grant Brook,NH HEX 21.05,NH,20 random toss 4m2 area,7/25/2002,3.666666667,3,4.2,201,42,0.049751244,5,0.487562189,8,0.383084577,21,0.064676617,6,0,0,16.41791045,6,0.995024876,2,8.955223881,8,0.029850746,0.004975124,0.019900498,16,0.380952381,26.3681592,13,0.30952381,0.537313433,0.064676617,3.523809524
Great Swamp Brook,EPA HEX 42.01 MA,MA,20 random toss 4m2 area,11/7/2001,3,1.8,3.8,210,46,0.161904762,6,0.376190476,13,0.39047619,21,0.052380952,5,0,0,24.28571429,4,4.761904762,4,19.04761905,12,0.042857143,0,0.047619048,20,0.434782609,48.0952381,19,0.413043478,0.538095238,0.052380952,3.47826087
Green River,VT HEX 3.01,VT,20 random toss 4m2 area,7/14/2003,2,2,2,205,49,0.141463415,10,0.331707317,12,0.419512195,22,0.092682927,4,0,0,20.97560976,10,0.975609756,2,13.65853659,7,0.063414634,0,0.029268293,19,0.387755102,35.6097561,22,0.448979592,0.473170732,0.092682927,3.346938776
Greenleaf Brook,EPA HEX 8.06 ME,ME,20 random toss 4m2 area,7/21/2001,3.766666667,2.8,4.5,222,37,0.040540541,5,0.342342342,10,0.5,17,0.094594595,5,0,0,11.71171171,5,3.153153153,3,9.459459459,5,0.067567568,0.009009009,0.337837838,13,0.351351351,24.32432432,15,0.405405405,0.382882883,0.094594595,3.594594595
Halfmoon Stream,ME HEX 48.05,ME,20 random toss 4m2 area,7/15/2003,3.825,3.5,4,257,43,0.015564202,4,0.089494163,9,0.704280156,23,0.175097276,6,0,0,7.003891051,5,1.167315175,2,16.34241245,5,0.13618677,0,0.105058366,12,0.279069767,24.51361868,13,0.302325581,0.105058366,0.175097276,3.651162791
Halfway Brook,EPA HEX 2.03 ME,ME,20 random toss 4m2 area,7/17/2001,3.042857143,2.5,4.5,147,35,0.183673469,7,0.149659864,6,0.517006803,19,0.088435374,2,0,0,29.25170068,7,10.20408163,3,5.442176871,4,0.027210884,0.06122449,0.108843537,14,0.4,44.89795918,13,0.371428571,0.333333333,0.088435374,3.371428571
Halfway Brook,EPA HEX 2.03 ME,ME,20 random toss 4m2 area,7/23/2002,2,2,2,341,46,0.064516129,8,0.583577713,10,0.299120235,21,0.041055718,5,0,0,15.83577713,9,5.571847507,2,3.519061584,6,0.011730205,0.014662757,0.058651026,17,0.369565217,24.92668622,18,0.391304348,0.648093842,0.041055718,3.369565217
Hancock Brook,VT HEX 1.01 (RD),VT,20 random toss 4m2 area,7/29/2003,4.1,3.8,4.5,198,34,0.055555556,6,0.247474747,6,0.626262626,17,0.060606061,4,0,0,3.03030303,4,4.04040404,4,4.04040404,4,0.015151515,0,0.025252525,12,0.352941176,11.11111111,12,0.352941176,0.303030303,0.060606061,3.470588235
Hardy Stream,EPA HEX 19.01 ME,ME,20 random toss 4m2 area,9/21/2001,2.571428571,1.5,3.2,213,37,0.276995305,10,0.338028169,8,0.262910798,14,0.037558685,3,0,0,31.92488263,7,7.511737089,3,26.29107981,10,0.037558685,0,0.093896714,20,0.540540541,65.72769953,18,0.486486486,0.615023474,0.037558685,3.108108108
Hawkins Brook,RSD53,RI,20 random toss 4m2 area,9/19/2000,5,5,5,205,33,0.014634146,1,0.024390244,5,0.604878049,21,0.273170732,6,0,0,1.951219512,2,0,0,46.82926829,9,0.302439024,0.004878049,0.107317073,11,0.333333333,48.7804878,6,0.181818182,0.03902439,0.273170732,3.96969697
Henderson Brook,ME HEX 26.03,ME,20 random toss 4m2 area,7/30/2003,2,2,2,227,52,0.193832599,9,0.378854626,16,0.392070485,23,0.030837004,3,0,0,10.57268722,8,13.65638767,6,15.4185022,8,0.017621145,0,0.026431718,22,0.423076923,39.64757709,25,0.480769231,0.572687225,0.030837004,3.326923077
Hewes Brook,NH HEX 26.05,NH,20 random toss 4m2 area,6/29/2003,2.466666667,2,3.2,244,47,0.233606557,8,0.368852459,18,0.295081967,15,0.06147541,5,0,0,18.44262295,6,6.967213115,5,40.16393443,9,0.016393443,0,0.053278689,20,0.425531915,65.57377049,26,0.553191489,0.602459016,0.06147541,3.29787234
Higgins Brook,EPA HEX 20.02 ME,ME,20 random toss 4m2 area,7/23/2001,4.114285714,3.8,4.8,222,39,0.031531532,4,0.094594595,8,0.815315315,25,0.009009009,2,0,0,26.12612613,6,0,0,6.756756757,8,0.004504505,0,0.022522523,14,0.358974359,32.88288288,12,0.307692308,0.126126126,0.009009009,3.641025641
Horseshoe Stream,EPA HEX 11.05 ME,ME,20 random toss 4m2 area,7/25/2001,4.3,3.8,5.2,213,34,0.014084507,3,0.154929577,10,0.549295775,15,0.267605634,5,0,0,4.694835681,4,0.938967136,2,34.27230047,8,0.23943662,0,0.295774648,14,0.411764706,39.90610329,13,0.382352941,0.169014085,0.267605634,3.558823529
Hubbard Brook,VT HEX 14.02,VT,20 random toss 4m2 area,7/8/2003,2.666666667,2,3.2,242,43,0.198347107,9,0.425619835,13,0.318181818,17,0.033057851,3,0,0,16.94214876,4,5.785123967,6,11.57024793,7,0.012396694,0,0.066115702,17,0.395348837,34.29752066,22,0.511627907,0.623966942,0.033057851,3.255813953
Huntington River,EPA HEX 23.02 VT,VT,20 random toss 4m2 area,8/1/2002,2.257142857,2,2.5,164,40,0.18902439,7,0.432926829,14,0.347560976,15,0.018292683,3,0,0,21.95121951,4,19.51219512,5,15.24390244,8,0.006097561,0,0.012195122,17,0.425,56.70731707,21,0.525,0.62195122,0.018292683,3.275
Indian River,EPA HEX 24.01 NH,NH,20 random toss 4m2 area,8/12/2001,4.428571429,3,5.5,207,37,0.014492754,3,0.222222222,10,0.68115942,19,0.057971014,4,0,0,3.8647343,5,0.483091787,1,2.898550725,4,0.004830918,0,0.019323671,10,0.27027027,7.246376812,13,0.351351351,0.236714976,0.057971014,3.567567568
Indian Stream,NH HEX 2.05,NH,20 random toss 4m2 area,7/23/2003,3.9,3,4.8,301,59,0.053156146,5,0.186046512,13,0.697674419,29,0.046511628,11,0,0,12.95681063,8,1.661129568,2,8.305647841,7,0.026578073,0,0.019933555,17,0.288135593,22.92358804,18,0.305084746,0.239202658,0.046511628,3.728813559
Jellison Meadow Brook,EPA HEX 21.01 ME,ME,20 random toss 4m2 area,9/17/2002,3.385714286,2.8,4.2,246,51,0.06504065,6,0.300813008,13,0.528455285,22,0.089430894,8,0,0,18.69918699,7,1.62601626,2,19.51219512,12,0.036585366,0,0.032520325,21,0.411764706,39.83739837,19,0.37254902,0.365853659,0.089430894,3.509803922
Joe's Brook,VT HEX 8.03 (2005),VT,20 random toss 4m2 area,8/19/2003,2,2,2,206,44,0.053398058,5,0.451456311,17,0.388349515,17,0.077669903,4,0,0,24.27184466,6,3.883495146,3,15.04854369,6,0.072815534,0,0.014563107,15,0.340909091,43.2038835,22,0.5,0.504854369,0.077669903,3.386363636
Johns River,VT HEX 14.03 (2004),VT,20 random toss 4m2 area,8/19/2003,5,5,5,194,42,0.010309278,2,0.097938144,5,0.628865979,20,0.221649485,12,0,0,0,0,0,0,5.154639175,6,0.015463918,0.005154639,0.216494845,6,0.142857143,5.154639175,7,0.166666667,0.108247423,0.221649485,3.785714286
Johnson Brook,NH HEX 23.01,NH,20 random toss 4m2 area,7/30/2002,3.1,2,3.8,248,38,0.056451613,6,0.637096774,17,0.294354839,12,0.008064516,2,0,0,7.661290323,7,1.612903226,3,8.064516129,8,0.008064516,0,0.012096774,18,0.473684211,17.33870968,23,0.605263158,0.693548387,0.008064516,3.184210526
Katahdin Stream,ME HEX 22.05 (A),ME,20 random toss 4m2 area,7/29/2003,2,2,2,228,42,0.057017544,6,0.521929825,13,0.377192982,17,0.01754386,4,0,0,5.701754386,3,1.754385965,4,5.701754386,7,0.00877193,0,0.162280702,14,0.333333333,13.15789474,19,0.452380952,0.578947368,0.01754386,3.30952381
Kenduskeag River,EPA HEX 13.03 ME (A),ME,20 random toss 4m2 area,9/16/2002,4.166666667,3.2,5.5,261,44,0.022988506,4,0.026819923,3,0.739463602,29,0.164750958,5,0,0,26.43678161,5,0,0,8.812260536,5,0.026819923,0,0.08045977,10,0.227272727,35.24904215,7,0.159090909,0.049808429,0.164750958,3.590909091
Kennebunk River,EPA HEX 31.02 ME,ME,20 random toss 4m2 area,8/5/2001,4.216666667,3.8,4.8,201,45,0.019900498,1,0.084577114,7,0.666666667,28,0.099502488,5,0,0,7.960199005,3,0,0,8.955223881,6,0.034825871,0.029850746,0.104477612,9,0.2,16.91542289,8,0.177777778,0.104477612,0.099502488,3.555555556
Kent Pond Outlet,VT HEX 4.01 (RD),VT,20 random toss 4m2 area,7/30/2002,4.866666667,4.8,5,171,32,0.01754386,2,0.403508772,8,0.421052632,16,0.14619883,6,0,0,1.169590643,1,0,0,10.52631579,4,0.093567251,0.011695906,0.081871345,5,0.15625,11.69590643,10,0.3125,0.421052632,0.14619883,3.8125
Kilburn Brook,VT HEX 15.02,VT,20 random toss 4m2 area,8/7/2003,3,3,3,223,51,0.031390135,6,0.381165919,12,0.502242152,24,0.058295964,7,0,0,9.417040359,4,1.793721973,3,20.1793722,10,0.035874439,0,0.067264574,17,0.333333333,31.39013453,18,0.352941176,0.412556054,0.058295964,3.509803922
Kimball Brook,ME HEX 16.04,ME,20 random toss 4m2 area,7/28/2003,3,3,3,228,51,0.083333333,4,0.245614035,10,0.605263158,28,0.043859649,8,0,0,7.894736842,7,3.947368421,2,7.456140351,5,0.01754386,0,0.144736842,14,0.274509804,19.29824561,14,0.274509804,0.328947368,0.043859649,3.725490196
Lamoille River,VT HEX 12.01,VT,20 random toss 4m2 area,7/17/2002,3,3,3,205,42,0.136585366,7,0.204878049,11,0.585365854,18,0.073170732,6,0,0,45.85365854,8,1.951219512,2,8.292682927,8,0.029268293,0,0.063414634,18,0.428571429,56.09756098,18,0.428571429,0.341463415,0.073170732,3.547619048
Langdon Brook,NH HEX 20.01,NH,20 random toss 4m2 area,7/29/2003,2,2,2,213,41,0.136150235,8,0.525821596,15,0.309859155,17,0.028169014,1,0,0,13.61502347,7,1.408450704,3,16.90140845,7,0.004694836,0,0.018779343,17,0.414634146,31.92488263,23,0.56097561,0.661971831,0.028169014,3.268292683
Latham Brook,RSD52,RI,20 random toss 4m2 area,9/8/2000,4,4,4,259,39,0.081081081,1,0.285714286,13,0.55984556,19,0.023166023,4,0,0,9.266409266,4,1.158301158,1,2.316602317,4,0,0.003861004,0.073359073,9,0.230769231,12.74131274,14,0.358974359,0.366795367,0.023166023,3.512820513
Little Ossipee Stream,ME HEX 56.04,ME,20 random toss 4m2 area,7/18/2003,3,3,3,254,58,0.027559055,6,0.216535433,11,0.688976378,37,0.019685039,4,0,0,25.98425197,11,1.57480315,1,17.71653543,10,0.039370079,0,0.141732283,22,0.379310345,45.27559055,17,0.293103448,0.244094488,0.019685039,3.672413793
Logan Brook,EPA HEX 7.03 ME,ME,20 random toss 4m2 area,7/26/2001,3.285714286,2,3.8,219,33,0.132420091,6,0.401826484,10,0.397260274,14,0.02283105,1,0,0,13.69863014,5,1.826484018,2,15.52511416,5,0.02283105,0,0.196347032,12,0.363636364,31.05022831,16,0.484848485,0.534246575,0.02283105,3.121212121
Logan Brook,EPA HEX 7.03 ME,ME,20 random toss 4m2 area,7/26/2002,2,2,2,207,37,0.048309179,6,0.391304348,9,0.487922705,18,0.009661836,2,0,0,9.661835749,4,3.8647343,2,6.763285024,7,0.004830918,0,0.048309179,13,0.351351351,20.28985507,15,0.405405405,0.439613527,0.009661836,3.27027027
Longwater Brook,EPA HEX 38.02 MA,MA,20 random toss 4m2 area,9/11/2001,5.55,5.5,5.8,203,29,0.014778325,2,0.073891626,4,0.270935961,16,0.610837438,5,0,0,0.985221675,1,0,0,20.68965517,5,0.118226601,0.251231527,0.60591133,6,0.206896552,21.67487685,6,0.206896552,0.088669951,0.610837438,3.620689655
Main Stream,ME HEX 35.03 (A),ME,20 random toss 4m2 area,7/24/2003,5,5,5,197,41,0.030456853,2,0.081218274,6,0.736040609,26,0.091370558,6,0,0,11.6751269,8,0,0,35.53299492,7,0.106598985,0,0.065989848,15,0.365853659,47.20812183,8,0.195121951,0.111675127,0.091370558,3.804878049
Martin Stream,ME HEX 47.09 (A),ME,20 random toss 4m2 area,7/23/2003,5,5,5,193,50,0.010362694,2,0.113989637,8,0.756476684,31,0.098445596,7,0,0,12.43523316,5,0,0,5.699481865,5,0,0.010362694,0.352331606,10,0.2,18.13471503,10,0.2,0.124352332,0.098445596,3.74
Meadow Brook,VT HEX 9.01,VT,20 random toss 4m2 area,7/26/2002,3,3,3,197,34,0.050761421,3,0.375634518,11,0.492385787,14,0.050761421,4,0,0,32.48730964,5,7.614213198,3,6.091370558,5,0.035532995,0,0.045685279,13,0.382352941,46.1928934,14,0.411764706,0.426395939,0.050761421,3.382352941
Medomak River,EPA HEX 27.01 ME,ME,20 random toss 4m2 area,8/4/2001,4.2,3.2,5.2,257,47,0.011673152,2,0.13618677,9,0.774319066,30,0.058365759,4,0,0,7.782101167,4,0,0,11.28404669,9,0.011673152,0,0.108949416,13,0.276595745,19.06614786,11,0.234042553,0.147859922,0.058365759,3.638297872
Medomak River,EPA HEX 27.01 ME,ME,20 random toss 4m2 area,9/18/2002,4,4,4,304,51,0.036184211,3,0.151315789,7,0.753289474,33,0.039473684,6,0,0,14.14473684,6,0.328947368,1,24.34210526,11,0.019736842,0,0.161184211,18,0.352941176,38.81578947,10,0.196078431,0.1875,0.039473684,3.705882353
Mettawee River,EPA HEX 28.05 VT,VT,20 random toss 4m2 area,8/16/2001,3.042857143,2.5,3.8,214,29,0.126168224,7,0.313084112,7,0.523364486,11,0.009345794,2,0,0,38.78504673,3,10.28037383,4,18.22429907,5,0.009345794,0,0.018691589,12,0.413793103,67.28971963,14,0.482758621,0.439252336,0.009345794,3.068965517
Miles Stream,VT HEX 8.02 (2005),VT,20 random toss 4m2 area,8/6/2003,3.433333333,3,3.8,217,48,0.050691244,6,0.387096774,17,0.377880184,19,0.138248848,6,0,0,15.20737327,6,3.686635945,4,17.97235023,9,0.096774194,0,0.004608295,19,0.395833333,36.86635945,23,0.479166667,0.437788018,0.138248848,3.520833333
Mill Brook,EPA HEX 35.04 CT,CT,20 random toss 4m2 area,10/23/2001,3.528571429,3,4.8,200,42,0.025,2,0.51,15,0.375,17,0.05,6,0,0,7.5,3,37,5,4.5,4,0,0,0.055,12,0.285714286,49,17,0.404761905,0.535,0.05,3.5
Mill Brook,ME HEX 55.02,ME,20 random toss 4m2 area,7/17/2003,3,2.5,3.5,523,71,0.059273423,5,0.210325048,17,0.653919694,38,0.055449331,8,0,0,17.01720841,7,4.780114723,2,12.42829828,10,0.019120459,0,0.216061185,19,0.267605634,34.22562141,22,0.309859155,0.26959847,0.055449331,3.563380282
Mill Brook,NH HEX 58.03,NH,20 random toss 4m2 area,6/25/2003,4.9,4.8,5,197,48,0.030456853,3,0.14213198,11,0.725888325,27,0.055837563,6,0,0,0.507614213,1,1.52284264,1,3.553299492,4,0.015228426,0,0.076142132,6,0.125,5.583756345,14,0.291666667,0.172588832,0.055837563,3.6875
Mill Brook (Rupert VT),VT HEX 10.01 (RD) (2004),VT,20 random toss 4m2 area,7/9/2003,4.233333333,3,5.2,215,38,0.051162791,4,0.358139535,8,0.488372093,22,0.060465116,3,0,0,4.186046512,2,3.720930233,2,8.372093023,7,0.018604651,0,0.013953488,11,0.289473684,16.27906977,12,0.315789474,0.409302326,0.060465116,3.552631579
Mill Brook (Fairfax VT),VT HEX 13.03 (RD) (2004),VT,20 random toss 4m2 area,7/3/2002,4.1,3.8,4.5,205,46,0.024390244,4,0.312195122,9,0.585365854,27,0.073170732,6,0,0,6.341463415,5,0.975609756,2,5.365853659,2,0.053658537,0,0.014634146,9,0.195652174,12.68292683,13,0.282608696,0.336585366,0.073170732,3.760869565
Mill River (Georgia VT),VT HEX 4.01 (2004),VT,20 random toss 4m2 area,8/6/2002,5,4.8,5.2,193,31,0.010362694,1,0.398963731,8,0.518134715,16,0.062176166,5,0,0,11.91709845,4,4.14507772,1,2.590673575,4,0.015544041,0.005181347,0.005181347,9,0.290322581,18.65284974,9,0.290322581,0.409326425,0.062176166,3.709677419
Miller Run,EPA HEX 18.01 VT,VT,20 random toss 4m2 area,9/23/2001,3.428571429,2.5,4.5,206,49,0.155339806,5,0.126213592,11,0.538834951,24,0.140776699,8,0,0,16.01941748,7,0,0,24.75728155,14,0.072815534,0,0.048543689,21,0.428571429,40.77669903,16,0.326530612,0.281553398,0.140776699,3.653061224
Morril Brook,VT HEX 15.01 (2005),VT,20 random toss 4m2 area,8/21/2003,3.433333333,3,3.8,214,48,0.051401869,4,0.392523364,20,0.425233645,19,0.079439252,4,0,0,8.411214953,7,6.074766355,4,25.23364486,8,0.088785047,0,0.023364486,19,0.395833333,39.71962617,24,0.5,0.443925234,0.079439252,3.416666667
Morrison Brook,VT HEX 15.03 (RD),VT,20 random toss 4m2 area,7/23/2002,2,2,2,212,34,0.245283019,5,0.325471698,11,0.391509434,14,0.028301887,3,0,0,32.0754717,5,34.90566038,5,2.830188679,5,0.004716981,0,0.037735849,15,0.441176471,69.81132075,16,0.470588235,0.570754717,0.028301887,3.352941176
Mosher Meadow Brook,VT HEX 15.01 (2004),VT,20 random toss 4m2 area,8/21/2003,3.1,2,3.8,239,49,0.09623431,7,0.40167364,16,0.418410042,22,0.075313808,4,0,0,24.26778243,5,3.765690377,4,16.73640167,10,0.066945607,0,0.054393305,19,0.387755102,44.76987448,23,0.469387755,0.49790795,0.075313808,3.469387755
Mount Tabor Brook,VT HEX 11.01,VT,20 random toss 4m2 area,7/1/2003,3.1,2,3.8,180,37,0.027777778,4,0.594444444,15,0.322222222,15,0.011111111,1,0,0,15.55555556,8,2.222222222,2,15,5,0.011111111,0,0.011111111,15,0.405405405,32.77777778,19,0.513513514,0.622222222,0.011111111,3.189189189
Musquash Brook,EPA HEX 7.07 ME,ME,20 random toss 4m2 area,7/30/2003,3.385714286,2,4.5,227,52,0.193832599,9,0.378854626,16,0.392070485,23,0.030837004,3,0,0,10.57268722,8,13.65638767,6,15.4185022,8,0.017621145,0,0.026431718,22,0.423076923,39.64757709,25,0.480769231,0.572687225,0.030837004,3.326923077
Narraguagus River,EPA HEX 21.10 ME (A),ME,20 random toss 4m2 area,7/23/2001,4.116666667,3.2,4.8,223,34,0.067264574,5,0.080717489,9,0.780269058,14,0.040358744,5,0,0,8.071748879,5,1.34529148,2,8.968609865,9,0.022421525,0,0.112107623,16,0.470588235,18.38565022,14,0.411764706,0.147982063,0.040358744,3.470588235
Natchaug River,CT HEX 20,CT,riffle targeted kick net 2m2 area,10/18/2002,3.3875,2,5,233,41,0.068669528,10,0.356223176,13,0.47639485,14,0.094420601,4,0,0,36.05150215,11,1.716738197,2,27.03862661,12,0.090128755,0,0.025751073,25,0.609756098,64.80686695,23,0.56097561,0.424892704,0.094420601,3.292682927
Neck River,CT HEX 57.04,CT,15 random toss 3m2 area,10/9/2002,4.65,4,5.2,200,49,0.145,4,0.09,9,0.445,23,0.255,9,0,0,16.5,4,0.5,1,9.5,8,0.01,0.135,0.48,13,0.265306122,26.5,13,0.265306122,0.235,0.255,3.510204082
New Brook,EPA HEX 22.09 ME,ME,20 random toss 4m2 area,8/3/2001,4.35,3.5,5.2,195,48,0.005128205,1,0.097435897,8,0.758974359,29,0.061538462,7,0,0,4.102564103,3,0,0,9.743589744,6,0.056410256,0.015384615,0.174358974,9,0.1875,13.84615385,9,0.1875,0.102564103,0.061538462,3.6875
Newell Brook,NH HEX 9.05,NH,20 random toss 4m2 area,7/24/2002,2.5,1.5,4,206,33,0.257281553,4,0.27184466,9,0.398058252,14,0.024271845,4,0,0,24.27184466,5,2.912621359,2,25.72815534,5,0.009708738,0,0.029126214,12,0.363636364,52.91262136,13,0.393939394,0.529126214,0.024271845,3.363636364
North Branch Ball Mountain Brook,VT HEX 8.02,VT,20 random toss 4m2 area,9/2/2003,3.1,2,3.8,219,39,0.205479452,7,0.315068493,14,0.269406393,13,0.164383562,5,0,0,29.22374429,7,4.109589041,3,40.1826484,9,0.159817352,0,0.01369863,19,0.487179487,73.51598174,21,0.538461538,0.520547945,0.164383562,3.41025641
North Branch Hoosic River,VT HEX 1.02,VT,20 random toss 4m2 area,7/10/2003,4,4,4,203,40,0.064039409,7,0.236453202,7,0.615763547,21,0.078817734,4,0,0,11.8226601,6,0.985221675,2,8.866995074,7,0.034482759,0,0.044334975,15,0.375,21.67487685,14,0.35,0.300492611,0.078817734,3.475
North Branch Meduxnekeag River,EPA HEX 5.07 ME,ME,20 random toss 4m2 area,7/28/2003,2.9,2,3.8,251,51,0.183266932,7,0.490039841,16,0.258964143,24,0.039840637,3,0,0,21.9123506,12,7.171314741,3,6.772908367,7,0.019920319,0,0.051792829,22,0.431372549,35.85657371,23,0.450980392,0.673306773,0.039840637,3.392156863
North Branch River,NH HEX 4.04,NH,20 random toss 4m2 area,7/30/2002,3.1,2.5,4.2,171,43,0.140350877,8,0.321637427,6,0.391812865,17,0.099415205,7,0,0,4.678362573,3,11.69590643,5,6.432748538,4,0.005847953,0,0.064327485,12,0.279069767,22.80701754,14,0.325581395,0.461988304,0.099415205,3.186046512
North River,NH HEX 47.02,NH,20 random toss 4m2 area,7/11/2002,4,4,4,225,35,0.008888889,2,0.395555556,9,0.466666667,21,0.128888889,3,0,0,15.55555556,3,0,0,15.55555556,4,0.106666667,0,0.08,7,0.2,31.11111111,11,0.314285714,0.404444444,0.128888889,3.714285714
Old City Brook,VT HEX 7.03,VT,20 random toss 4m2 area,8/1/2002,3,3,3,204,35,0.053921569,6,0.264705882,7,0.607843137,16,0.044117647,4,0,0,46.07843137,8,5.882352941,3,2.450980392,2,0.019607843,0,0.019607843,13,0.371428571,54.41176471,13,0.371428571,0.318627451,0.044117647,3.342857143
Ompompanoosuc River,VT HEX 8.02,VT,20 random toss 4m2 area,7/11/2002,5,5,5,197,49,0.015228426,2,0.091370558,9,0.639593909,23,0.157360406,13,0,0,2.030456853,2,0.507614213,1,8.629441624,8,0.055837563,0.005076142,0.086294416,11,0.224489796,11.16751269,11,0.224489796,0.106598985,0.157360406,3.836734694
Otter Brook,NH HEX 51.04,NH,20 random toss 4m2 area,8/6/2002,3.666666667,3,4.2,219,44,0.04109589,3,0.333333333,14,0.511415525,20,0.100456621,6,0,0,6.849315068,2,4.109589041,2,14.15525114,8,0.068493151,0,0.02283105,12,0.272727273,25.11415525,17,0.386363636,0.374429224,0.100456621,3.590909091
Paugus Brook,NH HEX 24.02,NH,20 random toss 4m2 area,7/10/2003,2,2,2,205,35,0.07804878,5,0.541463415,10,0.273170732,16,0.058536585,1,0,0,4.390243902,4,2.926829268,3,6.829268293,6,0.014634146,0,0.034146341,13,0.371428571,14.14634146,15,0.428571429,0.619512195,0.058536585,3.114285714
Pawcatuck River,RSD1,RI,20 random toss 4m2 area,10/5/2000,5,5,5,201,32,0.014925373,2,0.119402985,7,0.28358209,16,0.233830846,5,0,0,17.41293532,3,0.995024876,2,24.87562189,13,0.084577114,0,0.52238806,18,0.5625,43.28358209,9,0.28125,0.134328358,0.233830846,3.5625
Pawcatuck River,RSD2,RI,20 random toss 4m2 area,10/5/2000,5,5,5,288,35,0.006944444,2,0.163194444,7,0.277777778,18,0.503472222,4,0,0,1.736111111,2,11.80555556,1,3.472222222,6,0,0,0.611111111,9,0.257142857,17.01388889,9,0.257142857,0.170138889,0.503472222,3.342857143
Pawcatuck River,RSD3,RI,20 random toss 4m2 area,10/5/2000,5,5,5,282,35,0.031914894,2,0.046099291,4,0.673758865,19,0.187943262,8,0,0,3.191489362,2,1.773049645,1,8.156028369,7,0.003546099,0,0.755319149,10,0.285714286,13.12056738,6,0.171428571,0.078014184,0.187943262,3.771428571
Peabody Brook,NH HEX 12.02,NH,20 random toss 4m2 area,7/28/2003,3,3,3,241,33,0.12033195,4,0.273858921,10,0.473029046,12,0.024896266,4,0,0,5.394190871,2,9.543568465,3,11.61825726,4,0,0,0.029045643,9,0.272727273,26.5560166,14,0.424242424,0.394190871,0.024896266,3.212121212
Pease Brook,EPA HEX 41.04 CT,CT,20 random toss 4m2 area,10/22/2001,3,3,3,206,34,0.024271845,2,0.427184466,10,0.490291262,17,0.033980583,4,0,0,15.04854369,5,3.883495146,1,11.65048544,8,0.029126214,0,0.237864078,14,0.411764706,30.58252427,12,0.352941176,0.451456311,0.033980583,3.588235294
Peeptoad Brook,RSD45,RI,20 random toss 4m2 area,8/11/2000,4.1,3.5,4.8,224,48,0.071428571,4,0.1875,11,0.65625,28,0.026785714,5,0,0,11.60714286,3,0.892857143,1,12.5,9,0.004464286,0.004464286,0.294642857,13,0.270833333,25,15,0.3125,0.258928571,0.026785714,3.708333333
Petite Brook,EPA HEX 1.08 ME,ME,20 random toss 4m2 area,7/24/2002,3.157142857,2.5,3.5,202,45,0.03960396,6,0.400990099,11,0.49009901,23,0.02970297,3,0,0,19.8019802,5,2.97029703,2,9.405940594,9,0.004950495,0,0.054455446,16,0.355555556,32.17821782,17,0.377777778,0.440594059,0.02970297,3.377777778
Pherrins River,VT HEX 8.01 (2004),VT,20 random toss 4m2 area,8/20/2003,3.433333333,3,3.8,200,51,0.04,5,0.195,15,0.645,21,0.11,9,0,0,24.5,7,0.5,1,12.5,10,0.025,0.01,0.035,18,0.352941176,37.5,20,0.392156863,0.235,0.11,3.607843137
Piscataquog River,NH HEX 45.04,NH,20 random toss 4m2 area,7/10/2002,3.9,3.5,4.2,190,43,0.005263158,1,0.136842105,11,0.731578947,21,0.1,10,0,0,13.15789474,7,2.105263158,1,12.10526316,9,0.031578947,0,0.542105263,17,0.395348837,27.36842105,12,0.279069767,0.142105263,0.1,3.930232558
Pleasant Stream,ME HEX 51.08,ME,20 random toss 4m2 area,7/22/2003,3,3,3,211,47,0.033175355,5,0.203791469,14,0.625592417,22,0.118483412,6,0,0,3.791469194,7,0,0,10.42654028,6,0.047393365,0,0.052132701,13,0.276595745,14.21800948,19,0.404255319,0.236966825,0.118483412,3.617021277
Poland Brook,NH HEX 30.02,NH,20 random toss 4m2 area,7/15/2003,3.5,3.5,3.5,219,44,0.01369863,3,0.050228311,6,0.662100457,22,0.242009132,12,0,0,7.762557078,6,0,0,2.283105023,3,0,0.00456621,0.105022831,9,0.204545455,10.0456621,9,0.204545455,0.063926941,0.242009132,3.909090909
Poultney River,VT HEX 3.02,VT,20 random toss 4m2 area,6/28/2002,4,4,4,232,34,0.034482759,3,0.099137931,7,0.724137931,20,0.142241379,4,0,0,20.68965517,6,1.724137931,1,3.017241379,7,0.004310345,0,0.012931034,14,0.411764706,25.43103448,10,0.294117647,0.13362069,0.142241379,3.735294118
Purgatory Brook,NH HEX 53.01,NH,20 random toss 4m2 area,7/19/2002,3.333333333,2.8,4.2,214,43,0.11682243,3,0.327102804,13,0.439252336,19,0.088785047,7,0,0,7.476635514,4,11.21495327,3,8.878504673,6,0.060747664,0,0.051401869,13,0.302325581,27.57009346,16,0.372093023,0.443925234,0.088785047,3.627906977
Riddle Brook,NH HEX 54.01,NH,20 random toss 4m2 area,7/8/2003,5.8,5.8,5.8,213,44,0.004694836,1,0.03286385,4,0.676056338,24,0.201877934,9,0,0,3.755868545,4,0,0,0.469483568,1,0.004694836,0.089201878,0.497652582,5,0.113636364,4.225352113,5,0.113636364,0.037558685,0.201877934,3.522727273
River De Chute,EPA HEX 5.02 ME,ME,20 random toss 4m2 area,7/20/2001,3.366666667,1.8,4.5,207,44,0.043478261,5,0.342995169,13,0.516908213,19,0.048309179,4,0,0,13.04347826,5,3.8647343,3,5.797101449,3,0.038647343,0,0.154589372,11,0.25,22.70531401,18,0.409090909,0.38647343,0.048309179,3.295454545
Roaring Brook,NH HEX 8.02,NH,20 random toss 4m2 area,7/30/2002,3.8,3,4.8,190,47,0.057894737,4,0.168421053,12,0.689473684,25,0.073684211,5,0,0,6.315789474,6,4.210526316,2,9.473684211,9,0.052631579,0,0.036842105,17,0.361702128,20,16,0.340425532,0.226315789,0.073684211,3.595744681
Rock River,VT HEX 9.01 (2004),VT,20 random toss 4m2 area,8/5/2002,5,5,5,260,35,0.011538462,1,0.023076923,3,0.807692308,21,0.107692308,7,0,0,17.30769231,4,0,0,11.53846154,4,0.107692308,0.003846154,0.023076923,8,0.228571429,28.84615385,4,0.114285714,0.034615385,0.107692308,3.714285714
Ryder Brook Trib #5,VT HEX 11.01,VT,20 random toss 4m2 area,6/25/2002,5,5,5,179,29,0.229050279,5,0.083798883,6,0.653631285,15,0.011173184,1,0,0,12.29050279,6,22.34636872,3,2.793296089,3,0.005586592,0.011173184,0.039106145,12,0.413793103,37.4301676,11,0.379310345,0.312849162,0.011173184,3.206896552
Sag Brook,ME HEX 31.01,ME,20 random toss 4m2 area,7/16/2003,2,2,2,214,40,0.135514019,8,0.355140187,13,0.476635514,15,0.03271028,4,0,0,30.8411215,5,5.140186916,4,6.074766355,6,0.004672897,0,0.018691589,15,0.375,42.05607477,21,0.525,0.490654206,0.03271028,3.375
Saugatuck River,EPA HEX 39.01 CT,CT,20 random toss 4m2 area,10/24/2001,4.014285714,3.5,5,218,35,0.009174312,1,0.5,8,0.371559633,21,0.077981651,4,0,0,13.76146789,4,28.44036697,2,17.43119266,9,0.036697248,0,0.068807339,15,0.428571429,59.63302752,9,0.257142857,0.509174312,0.077981651,3.714285714
Sawmill River,EPA HEX 32.06 MA,MA,20 random toss 4m2 area,8/30/2001,4.042857143,3.2,5,236,39,0.016949153,2,0.13559322,6,0.610169492,21,0.161016949,8,0,0,16.52542373,4,0.847457627,1,17.37288136,6,0.139830508,0.004237288,0.101694915,11,0.282051282,34.74576271,8,0.205128205,0.152542373,0.161016949,3.743589744
Sawmill River,EPA HEX 32.06 MA,MA,20 random toss 4m2 area,7/18/2002,5,5,5,216,45,0.041666667,3,0.111111111,6,0.694444444,29,0.087962963,6,0,0,17.12962963,6,0,0,10.18518519,7,0.060185185,0,0.199074074,13,0.288888889,27.31481481,9,0.2,0.152777778,0.087962963,3.777777778
Schoodic Brook,EPA HEX 13.02 ME,ME,20 random toss 4m2 area,7/24/2001,3.383333333,2.8,3.8,203,49,0.073891626,6,0.137931034,6,0.610837438,28,0.147783251,6,0,0,21.67487685,8,0.985221675,1,20.68965517,7,0.133004926,0,0.157635468,16,0.326530612,43.34975369,12,0.244897959,0.21182266,0.147783251,3.510204082
Seaver Brook,VT HEX 2.03,VT,20 random toss 4m2 area,7/2/2002,3.8,3,4.2,274,48,0.010948905,3,0.189781022,17,0.532846715,21,0.248175182,6,0,0,23.35766423,6,3.649635036,4,16.42335766,7,0.109489051,0,0.01459854,17,0.354166667,43.43065693,20,0.416666667,0.200729927,0.248175182,3.5625
Second Branch White River,VT HEX 9.02 (2006),VT,20 random toss 4m2 area,7/2/2002,4,4,4,225,36,0.035555556,3,0.28,8,0.591111111,16,0.084444444,8,0,0,24.88888889,8,0.888888889,1,8.444444444,4,0.048888889,0.004444444,0.12,13,0.361111111,34.22222222,11,0.305555556,0.315555556,0.084444444,3.722222222
Simms Stream,NH HEX 5.04,NH,20 random toss 4m2 area,7/30/2002,3.3,3,3.8,232,44,0.142241379,6,0.344827586,12,0.400862069,21,0.047413793,4,0,0,37.93103448,9,5.603448276,4,16.37931034,6,0.099137931,0,0.034482759,19,0.431818182,59.9137931,18,0.409090909,0.487068966,0.047413793,3.454545455
Snare Brook,EPA HEX 4.01 ME (A),ME,20 random toss 4m2 area,7/19/2001,3.7,3,4.5,214,31,0.093457944,4,0.668224299,12,0.205607477,14,0,0,0,0,6.074766355,4,3.738317757,3,8.411214953,6,0,0,0.051401869,13,0.419354839,18.22429907,16,0.516129032,0.761682243,0,3.225806452
Souhegan River,NH HEX 59.03,NH,20 random toss 4m2 area,8/8/2002,4.333333333,3.8,5,212,36,0,0,0.108490566,7,0.594339623,24,0.183962264,5,0,0,8.490566038,4,0,0,35.8490566,8,0.297169811,0,0.183962264,12,0.333333333,44.33962264,7,0.194444444,0.108490566,0.183962264,3.944444444
South Stream,VT HEX 5.01 (RD),VT,20 random toss 4m2 area,7/15/2003,4,4,4,203,48,0.02955665,4,0.231527094,14,0.517241379,23,0.187192118,7,0,0,12.31527094,9,0,0,22.66009852,7,0.142857143,0,0.064039409,16,0.333333333,34.97536946,18,0.375,0.261083744,0.187192118,3.6875
Spruce Brook,EPA HEX 14.10 ME,ME,20 random toss 4m2 area,7/22/2001,3.671428571,3,4.5,224,46,0.116071429,5,0.330357143,14,0.473214286,23,0.022321429,2,0,0,7.142857143,4,8.482142857,3,8.928571429,9,0.017857143,0,0.026785714,16,0.347826087,24.55357143,19,0.413043478,0.446428571,0.022321429,3.347826087
Spruce Brook,ME HEX 14.03,ME,20 random toss 4m2 area,7/29/2003,2,2,2,219,48,0.150684932,8,0.506849315,14,0.255707763,20,0.054794521,5,0,0,23.74429224,9,7.305936073,4,8.219178082,7,0.04109589,0.00913242,0.03196347,20,0.416666667,39.26940639,22,0.458333333,0.657534247,0.054794521,3.395833333
Steele Brook,EPA HEX 40.03 CT,CT,20 random toss 4m2 area,10/10/2001,3.285714286,2.5,3.8,225,41,0.08,3,0.284444444,11,0.44,20,0.102222222,6,0,0,17.33333333,4,10.22222222,3,22.22222222,9,0.08,0,0.071111111,16,0.390243902,49.77777778,14,0.341463415,0.364444444,0.102222222,3.634146341
Stop River,EPA HEX 37.01 MA,MA,20 random toss 4m2 area,7/17/2002,4.666666667,3.5,5.2,203,41,0.024630542,3,0.083743842,5,0.699507389,23,0.113300493,6,0,0,6.403940887,3,0.492610837,1,22.16748768,5,0.113300493,0,0.162561576,9,0.219512195,29.06403941,8,0.195121951,0.108374384,0.113300493,3.487804878
Sunny Brook,VT HEX 3.03 (2005),VT,20 random toss 4m2 area,6/25/2003,3,3,3,250,64,0.108,9,0.14,13,0.648,29,0.092,12,0,0,19.2,13,2.4,2,10.8,10,0.012,0,0.076,25,0.390625,32.4,22,0.34375,0.248,0.092,3.640625
Swift River,ME HEX 38.03 (A),ME,20 random toss 4m2 area,7/16/2003,2,2,2,221,33,0.054298643,6,0.692307692,13,0.253393665,14,0,0,0,0,9.954751131,5,4.524886878,6,4.07239819,5,0,0,0.013574661,16,0.484848485,18.5520362,19,0.575757576,0.746606335,0,3.242424242
Teddy's Brook,EPA HEX 25.03 ME,ME,20 random toss 4m2 area,8/7/2002,4.15,3.8,4.8,234,36,0.008547009,2,0.277777778,8,0.564102564,21,0.051282051,4,0,0,7.692307692,3,0.854700855,1,16.66666667,8,0.111111111,0,0.072649573,12,0.333333333,25.21367521,10,0.277777778,0.286324786,0.051282051,3.666666667
Togus Stream,EPA HEX 26.11 ME,ME,20 random toss 4m2 area,9/24/2001,3.385714286,2.8,4.2,238,52,0.105042017,6,0.285714286,9,0.399159664,27,0.142857143,6,0,0,10.50420168,4,0,0,33.61344538,18,0.033613445,0,0.121848739,22,0.423076923,44.11764706,15,0.288461538,0.390756303,0.142857143,3.403846154
Trib To Green River,VT HEX 6.02,VT,20 random toss 4m2 area,7/14/2003,3.2,2,3.8,213,43,0.211267606,9,0.305164319,14,0.417840376,17,0.042253521,3,0,0,6.572769953,5,18.77934272,7,10.79812207,7,0.03286385,0,0.014084507,19,0.441860465,36.15023474,23,0.534883721,0.516431925,0.042253521,3.325581395
Trout Brook,EPA HEX 9.01 VT,VT,20 random toss 4m2 area,7/31/2002,4.328571429,3.5,5,209,38,0.023923445,4,0.124401914,4,0.645933014,25,0.114832536,5,0,0,11.48325359,4,0.956937799,1,23.92344498,8,0.162679426,0,0.071770335,13,0.342105263,36.36363636,8,0.210526316,0.148325359,0.114832536,3.815789474
Unnamed Brook,NH HEX 6.01 (RD),NH,20 random toss 4m2 area,7/24/2003,3,3,3,251,47,0.09561753,6,0.235059761,14,0.625498008,24,0.027888446,3,0,0,11.55378486,4,2.390438247,2,6.772908367,6,0.015936255,0,0.079681275,12,0.255319149,20.71713147,20,0.425531915,0.330677291,0.027888446,3.510638298
Wardsboro Brook Trib #5,VT HEX 8.01,VT,20 random toss 4m2 area,6/30/2003,2.333333333,2,2.5,214,43,0.238317757,9,0.373831776,14,0.345794393,16,0,0,0,0,14.48598131,5,3.738317757,3,14.95327103,8,0,0,0.037383178,16,0.372093023,33.17757009,23,0.534883721,0.612149533,0,2.88372093
Warren Brook,EPA HEX 29.07 NH,NH,20 random toss 4m2 area,8/8/2001,3.328571429,2.8,3.8,203,46,0.073891626,7,0.231527094,17,0.610837438,19,0.019704433,2,0,0,11.8226601,7,3.9408867,3,9.359605911,8,0.014778325,0,0.004926108,18,0.391304348,25.12315271,24,0.52173913,0.305418719,0.019704433,3.282608696
Webster Stream,NH HEX 40.02,NH,20 random toss 4m2 area,8/5/2003,5,5,5,248,42,0.004032258,1,0.137096774,9,0.681451613,22,0.157258065,8,0,0,1.209677419,1,0,0,10.48387097,7,0.056451613,0,0.201612903,8,0.19047619,11.69354839,10,0.238095238,0.141129032,0.157258065,3.738095238
Wells Brook,VT HEX 1.01,VT,20 random toss 4m2 area,7/2/2002,3,3,3,263,41,0.079847909,8,0.292775665,10,0.574144487,17,0.007604563,2,0,0,19.77186312,6,3.802281369,6,9.125475285,5,0.034220532,0,0.019011407,17,0.414634146,32.69961977,18,0.43902439,0.372623574,0.007604563,3.024390244
West Branch Gulf Stream,ME HEX 24.01,ME,20 random toss 4m2 area,7/31/2003,3,3,3,228,49,0.078947368,6,0.412280702,9,0.456140351,26,0.030701754,4,0,0,15.35087719,6,3.50877193,4,4.385964912,8,0.00877193,0,0.035087719,18,0.367346939,23.24561404,15,0.306122449,0.49122807,0.030701754,3.326530612
West Branch Pleasant River,ME HEX 27.08,ME,20 random toss 4m2 area,7/31/2003,3,3,3,232,59,0.146551724,7,0.168103448,13,0.594827586,28,0.034482759,6,0,0,5.603448276,7,2.586206897,2,18.10344828,10,0.012931034,0,0.051724138,19,0.322033898,26.29310345,20,0.338983051,0.314655172,0.034482759,3.305084746
West Branch Shepaug,EPA HEX 35.05 CT,CT,20 random toss 4m2 area,8/8/2002,3.471428571,2,4.2,202,49,0.099009901,5,0.400990099,18,0.405940594,18,0.034653465,4,0,0,3.96039604,3,3.96039604,4,8.910891089,7,0.004950495,0,0.02970297,14,0.285714286,16.83168317,23,0.469387755,0.5,0.034653465,3.183673469
Whitman Brook Trib # 1,VT HEX 5.01 (RD),VT,20 random toss 4m2 area,7/25/2002,3.433333333,3,3.8,231,40,0.069264069,5,0.398268398,15,0.393939394,16,0.090909091,3,0,0,6.493506494,4,7.359307359,5,16.88311688,6,0.103896104,0,0.012987013,15,0.375,30.73593074,20,0.5,0.467532468,0.090909091,3.35
Williams River Trib #11,VT HEX 9.01,VT,20 random toss 4m2 area,7/1/2003,2,2,2,231,57,0.125541126,8,0.510822511,20,0.298701299,22,0.03030303,3,0,0,17.31601732,9,9.956709957,5,31.6017316,10,0.025974026,0,0.038961039,24,0.421052632,58.87445887,28,0.49122807,0.636363636,0.03030303,3.140350877
Willimantic River,EPA HEX 36.03 CT,CT,20 random toss 4m2 area,10/9/2001,4.671428571,3.8,5.2,192,29,0,0,0.109375,6,0.375,17,0.494791667,5,0,0,11.45833333,5,1.041666667,1,60.41666667,8,0.473958333,0,0.098958333,14,0.482758621,72.91666667,6,0.206896552,0.109375,0.494791667,3.827586207
Willoughby River,EPA HEX 10.01 VT,VT,20 random toss 4m2 area,9/22/2001,2.814285714,2,3.5,225,49,0.186666667,9,0.235555556,13,0.431111111,21,0.133333333,5,0,0,22.22222222,7,2.222222222,3,40,14,0.106666667,0,0.048888889,24,0.489795918,64.44444444,22,0.448979592,0.422222222,0.133333333,3.387755102
Wilson Stream,ME HEX 33.06,ME,20 random toss 4m2 area,7/17/2003,4,4,4,237,41,0.037974684,6,0.084388186,6,0.670886076,21,0.181434599,6,0,0,19.83122363,7,0.843881857,1,6.751054852,6,0.042194093,0.004219409,0.063291139,14,0.341463415,27.42616034,12,0.292682927,0.122362869,0.181434599,3.512195122
Winnicut River,NH HEX 48.04,NH,20 random toss 4m2 area,7/1/2003,5.2,5.2,5.2,277,25,0,0,0.003610108,1,0.924187726,17,0.057761733,6,0,0,0,0,0,0,1.083032491,1,0,0,0.823104693,1,0.04,1.083032491,1,0.04,0.003610108,0.057761733,4.04
Winooski River,EPA HEX 16.07 VT (A),VT,20 random toss 4m2 area,8/14/2001,4.433333333,3.5,5.5,240,26,0.020833333,2,0.054166667,3,0.5625,16,0.341666667,5,0,0,20.83333333,4,0,0,58.33333333,10,0.4375,0,0.008333333,14,0.538461538,79.16666667,5,0.192307692,0.075,0.341666667,3.923076923
Winooski River (east),EPA HEX 17.02 VT (A),VT,20 random toss 4m2 area,8/14/2001,4.616666667,3.5,5.5,201,35,0.019900498,2,0.109452736,7,0.407960199,16,0.417910448,9,0,0,9.452736318,5,0,0,0,0,0,0.029850746,0.059701493,5,0.142857143,9.452736318,9,0.257142857,0.129353234,0.417910448,3.828571429
Youngs Brook,EPA HEX 5.02 MAINE,ME,20 random toss 4m2 area,7/23/2002,3.771428571,3,4.2,218,39,0.036697248,4,0.30733945,14,0.555045872,19,0.018348624,2,0,0,18.34862385,4,3.669724771,3,11.9266055,8,0.064220183,0,0.027522936,15,0.384615385,33.94495413,18,0.461538462,0.344036697,0.018348624,3.487179487
Eight Mile River,18,CT,riffle targeted kick net 2m2 area,10/17/2003,3.3,3,3.8,219,42,0,0,0.497716895,13,0.246575342,22,0.214611872,6,0,0,13.24200913,4,5.936073059,3,40.1826484,7,0.191780822,0,0.091324201,14,0.333333333,59.36073059,13,0.30952381,0.497716895,0.214611872,3.738095238
Green Fall River,245,CT,riffle targeted kick net 2m2 area,10/7/2003,3.125,2.5,3.8,232,42,0.051724138,7,0.340517241,17,0.512931034,15,0.094827586,3,0,0,14.22413793,3,5.603448276,3,30.17241379,13,0.094827586,0,0.00862069,19,0.452380952,50,24,0.571428571,0.392241379,0.094827586,3.333333333
Mashamoquet Brook,224_CT,CT,riffle targeted kick net 2m2 area,10/22/2002,2.95,2,3.8,217,43,0.105990783,4,0.331797235,16,0.525345622,20,0.023041475,3,0,0,22.58064516,8,8.294930876,3,18.43317972,10,0.01843318,0,0.01843318,21,0.488372093,49.30875576,20,0.465116279,0.437788018,0.023041475,3.511627907
Neck River,259_CT,CT,riffle targeted kick net 2m2 area,10/9/2002,3.275,2,3.8,200,44,0.185,5,0.355,14,0.3,19,0.14,4,0,0,15,4,5,4,16.5,11,0.035,0,0.14,19,0.431818182,36.5,19,0.431818182,0.54,0.14,3.363636364
Quaker Brook,234,CT,riffle targeted kick net 2m2 area,10/20/2003,3.525,3,3.8,215,35,0.004651163,1,0.679069767,16,0.28372093,15,0.03255814,3,0,0,25.58139535,2,7.906976744,3,28.8372093,10,0.041860465,0,0.051162791,15,0.428571429,62.3255814,17,0.485714286,0.68372093,0.03255814,3.571428571
Sandy Brook,21,CT,riffle targeted kick net 2m2 area,11/12/2003,2.625,2,3.2,219,37,0.315068493,7,0.484018265,15,0.155251142,12,0.0456621,3,0,0,47.48858447,9,6.849315068,2,28.31050228,13,0.0456621,0,0.03652968,24,0.648648649,82.64840183,22,0.594594595,0.799086758,0.0456621,3.297297297
Saugatuck River,50_CT,CT,riffle targeted kick net 2m2 area-split in field,11/5/2002,4.45,3.8,5,220,27,0,0,0.436363636,11,0.240909091,11,0.318181818,4,0,0,44.54545455,5,2.272727273,2,35.90909091,7,0.309090909,0,0.054545455,14,0.518518519,82.72727273,11,0.407407407,0.436363636,0.318181818,3.592592593
Saugatuck River,50_CT,CT,riffle targeted kick net 2m2 area,10/14/2003,4.625,4.2,5,214,25,0,0,0.630841121,10,0.186915888,11,0.182242991,4,0,0,34.11214953,4,29.43925234,3,27.10280374,5,0.177570093,0,0.018691589,12,0.48,90.65420561,10,0.4,0.630841121,0.182242991,3.76
Shepaug River,25,CT,riffle targeted kick net 2m2 area,10/20/2003,3.7,3,4.2,231,31,0.004329004,1,0.471861472,11,0.38961039,14,0.134199134,5,0,0,26.40692641,6,5.194805195,3,22.94372294,6,0.121212121,0,0.112554113,15,0.483870968,54.54545455,12,0.387096774,0.476190476,0.134199134,3.741935484
Titicus River,235,CT,riffle targeted kick net 2m2 area,10/20/2003,3.7,3,4.2,253,33,0.015810277,3,0.403162055,13,0.347826087,13,0.229249012,4,0,0,28.85375494,2,9.090909091,4,31.22529644,9,0.213438735,0,0.031620553,15,0.454545455,69.16996047,16,0.484848485,0.418972332,0.229249012,3.545454545
Whitford Brook,250,CT,riffle targeted kick net 2m2 area,10/9/2003,3.3,3,3.8,219,41,0.02283105,3,0.273972603,14,0.497716895,19,0.205479452,5,0,0,4.566210046,4,5.02283105,2,55.25114155,12,0.223744292,0,0.082191781,18,0.43902439,64.84018265,17,0.414634146,0.296803653,0.205479452,3.634146341
Ekonk River,CT HEX 25.03,CT,20 random toss 4m2 area,10/6/2003,3.625,2.5,5.2,222,50,0.040540541,3,0.292792793,18,0.567567568,25,0.094594595,4,0,0,16.21621622,8,4.054054054,3,20.72072072,7,0.085585586,0,0.09009009,18,0.36,40.99099099,21,0.42,0.333333333,0.094594595,3.6
Sandy Brook,CT HEX 3.01,CT,20 random toss 4m2 area,11/12/2003,2.725,2,3.2,220,41,0.318181818,7,0.359090909,18,0.231818182,12,0.081818182,4,0,0,39.09090909,8,8.636363636,7,21.36363636,9,0.072727273,0,0.063636364,24,0.585365854,69.09090909,25,0.609756098,0.677272727,0.081818182,3.317073171
Salmon River,CT HEX 17A,CT,riffle targeted kick net 2m2 area,10/8/2003,2.7,2,3.2,220,36,0.336363636,5,0.218181818,13,0.386363636,15,0.059090909,3,0,0,6.818181818,6,4.090909091,1,59.54545455,14,0.059090909,0,0.077272727,21,0.583333333,70.45454545,18,0.5,0.554545455,0.059090909,3.444444444
Indian Meadow Brook,CT HEX 11.02,CT,20 random toss 4m2 area,10/22/2003,2.475,2,3.2,230,51,0.234782609,8,0.460869565,24,0.256521739,15,0.039130435,4,0,0,30.43478261,8,14.34782609,7,19.13043478,13,0.060869565,0,0.108695652,28,0.549019608,63.91304348,32,0.62745098,0.695652174,0.039130435,3.294117647
Bantam River,CT HEX 20.02,CT,Riffle targeted kick net 2m2 area,10/27/2004,3,3,3,249,44,0.020080321,4,0.518072289,16,0.309236948,18,0.148594378,5,0,0,13.25301205,6,20.08032129,4,33.33333333,12,0.140562249,0,0.008032129,22,0.5,66.66666667,20,0.454545455,0.53815261,0.148594378,3.477272727
Beach Brook,CT HEX 12.01,CT,Riffle targeted kick net 2m2 area,11/1/2004,3,3,3,230,45,0.095652174,6,0.343478261,20,0.456521739,15,0.056521739,1,0,0,1.739130435,3,7.391304348,7,30.43478261,12,0.12173913,0,0.013043478,22,0.488888889,39.56521739,26,0.577777778,0.439130435,0.056521739,3.044444444
Blackberry River,CT HEX 2.05,CT,Riffle targeted kick net 2m2 area,10/27/2004,3,3,3,252,32,0,0,0.321428571,13,0.396825397,13,0.281746032,6,0,0,9.920634921,5,3.571428571,3,28.17460317,7,0.226190476,0,0.051587302,15,0.46875,41.66666667,13,0.40625,0.321428571,0.281746032,3.78125
Cabin Brook,CT HEX 32.01,CT,Riffle targeted kick net 2m2 area,10/27/2004,4,4,4,231,28,0.004329004,1,0.181818182,11,0.393939394,11,0.393939394,3,0,0,0.432900433,1,2.597402597,4,62.77056277,7,0.415584416,0,0.121212121,12,0.428571429,65.8008658,12,0.428571429,0.186147186,0.393939394,3.357142857
Clark Creek,CT HEX 40.01,CT,Riffle targeted kick net 2m2 area,10/28/2004,3,3,3,217,49,0.046082949,4,0.359447005,23,0.442396313,17,0.124423963,2,0,0,3.225806452,3,4.608294931,7,30.41474654,12,0.138248848,0,0.023041475,22,0.448979592,38.24884793,27,0.551020408,0.405529954,0.124423963,3.163265306
Crooked Brook,CT HEX 34.02,CT,Riffle targeted kick net 2m2 area,10/27/2004,3,3,3,245,39,0.016326531,2,0.326530612,13,0.591836735,21,0.057142857,2,0,0,1.224489796,3,2.857142857,2,22.85714286,5,0.085714286,0,0.020408163,10,0.256410256,26.93877551,15,0.384615385,0.342857143,0.057142857,3.512820513
East Branch Salmon Brook,CT HEX 4.01,CT,Riffle targeted kick net 2m2 area,11/1/2004,2,2,2,244,38,0.192622951,6,0.618852459,18,0.151639344,11,0.028688525,2,0,0,41.39344262,6,18.44262295,5,18.03278689,11,0.028688525,0,0.016393443,22,0.578947368,77.86885246,24,0.631578947,0.81147541,0.028688525,3.157894737
Eight Mile River,CT HEX 50.02,CT,Riffle targeted kick net 2m2 area,10/28/2004,3,3,3,228,44,0.021929825,4,0.390350877,22,0.412280702,14,0.175438596,4,0,0,5.701754386,7,13.15789474,3,34.64912281,14,0.179824561,0,0.013157895,24,0.545454545,53.50877193,26,0.590909091,0.412280702,0.175438596,3.409090909
Farm River,CT HEX 48.01,CT,Riffle targeted kick net 2m2 area,10/28/2004,5,5,5,207,25,0,0,0.236714976,6,0.536231884,15,0.222222222,3,0,0,0,0,0.483091787,1,20.28985507,2,0.202898551,0,0.236714976,3,0.12,20.77294686,6,0.24,0.236714976,0.222222222,3.72
Five Mile River,CT HEX 60.01,CT,Riffle targeted kick net 2m2 area,10/26/2004,5,5,5,259,17,0,0,0.011583012,3,0.328185328,11,0.66023166,3,0,0,0.772200772,1,0.386100386,1,67.95366795,4,0.66023166,0,0.019305019,6,0.352941176,69.11196911,3,0.176470588,0.011583012,0.66023166,4
Five Mile Brook,CT HEX 46.03,CT,Riffle targeted kick net 2m2 area,10/27/2004,3,3,3,248,42,0.189516129,3,0.512096774,20,0.217741935,14,0.076612903,4,0,0,2.016129032,4,6.85483871,3,44.75806452,12,0.153225806,0,0.120967742,19,0.452380952,53.62903226,23,0.547619048,0.701612903,0.076612903,3.380952381
Hockanum River,CT HEX 22.03,CT,Riffle targeted kick net 2m2 area,10/29/2004,5,5,5,236,18,0,0,0,0,0.63559322,14,0.36440678,4,0,0,5.508474576,2,0.423728814,1,83.47457627,5,0.355932203,0,0.004237288,8,0.444444444,89.40677966,0,0,0,0.36440678,4.222222222
Housatonic River,CT HEX 18.01,CT,Riffle targeted kick net 2m2 area,10/27/2004,4,4,4,235,38,0.004255319,1,0.30212766,12,0.468085106,16,0.195744681,6,0,0,5.531914894,6,9.787234043,5,22.55319149,7,0.195744681,0,0.05106383,18,0.473684211,37.87234043,13,0.342105263,0.306382979,0.195744681,3.473684211
Mill River,CT HEX 38.01,CT,Riffle targeted kick net 2m2 area,10/28/2004,4,4,4,303,30,0.01650165,2,0.273927393,7,0.138613861,14,0.567656766,6,0,0,1.320132013,2,16.17161716,2,51.48514851,9,0.442244224,0,0.01320132,13,0.433333333,68.97689769,9,0.3,0.290429043,0.567656766,3.7
Moosup River,CT HEX 26.04,CT,Riffle targeted kick net 2m2 area,10/27/2004,3,3,3,241,42,0.033195021,5,0.331950207,15,0.489626556,17,0.141078838,4,0,0,2.904564315,2,8.298755187,3,45.64315353,14,0.20746888,0,0.020746888,19,0.452380952,56.84647303,20,0.476190476,0.365145228,0.141078838,3.404761905
North Running Brook,CT HEX 8.02,CT,Riffle targeted kick net 2m2 area,10/29/2004,3,3,3,214,41,0.107476636,4,0.317757009,14,0.551401869,19,0.018691589,3,0,0,14.95327103,8,4.205607477,4,14.01869159,6,0.009345794,0,0.074766355,18,0.43902439,33.17757009,18,0.43902439,0.425233645,0.018691589,3.43902439
Pomperaug River,CT HEX 36.02,CT,Riffle targeted kick net 2m2 area,10/27/2004,3,3,3,221,39,0.009049774,1,0.244343891,16,0.570135747,17,0.176470588,5,0,0,10.85972851,4,7.692307692,3,24.43438914,11,0.162895928,0,0.022624434,18,0.461538462,42.98642534,17,0.435897436,0.253393665,0.176470588,3.666666667
Sawmill Brook,CT HEX 24.02,CT,Riffle targeted kick net 2m2 area,10/29/2004,2,2,2,226,52,0.150442478,6,0.632743363,24,0.159292035,16,0.044247788,4,0,0,25.22123894,6,17.69911504,6,18.5840708,11,0.044247788,0,0.03539823,23,0.442307692,61.50442478,30,0.576923077,0.783185841,0.044247788,3.230769231
Seth Williams Brook,CT HEX 42.03,CT,Riffle targeted kick net 2m2 area,10/28/2004,3,3,3,240,40,0.016666667,4,0.575,17,0.145833333,12,0.241666667,4,0,0,5.416666667,2,6.25,3,34.16666667,14,0.279166667,0,0.029166667,19,0.475,45.83333333,21,0.525,0.591666667,0.241666667,3.175
Still Brook,CT HEX 6.06,CT,Riffle targeted kick net 2m2 area,10/29/2004,5,5,5,232,35,0.004310345,1,0.176724138,7,0.620689655,22,0.193965517,4,0,0,9.482758621,3,5.172413793,2,32.75862069,5,0.163793103,0,0.159482759,10,0.285714286,47.4137931,8,0.228571429,0.181034483,0.193965517,3.742857143
Wappoquia Brook,CT HEX 16.01,CT,Riffle targeted kick net 2m2 area,10/29/2004,2,2,2,240,51,0.058333333,4,0.595833333,23,0.291666667,18,0.033333333,3,0,0,27.08333333,8,11.66666667,4,24.16666667,12,0.041666667,0,0.058333333,24,0.470588235,62.91666667,27,0.529411765,0.654166667,0.033333333,3.215686275
West Branch Saugatuck River,CT HEX 54.02,CT,Riffle targeted kick net 2m2 area,10/26/2004,5,5,5,238,25,0,0,0.260504202,8,0.340336134,14,0.399159664,3,0,0,0.420168067,1,1.680672269,2,68.90756303,7,0.378151261,0,0.004201681,10,0.4,71.00840336,8,0.32,0.260504202,0.399159664,3.8
Wood Creek,CT HEX 28.01,CT,Riffle targeted kick net 2m2 area,10/27/2004,2,2,2,253,47,0.090909091,7,0.683794466,21,0.181818182,16,0.043478261,3,0,0,23.3201581,6,13.43873518,5,29.24901186,11,0.063241107,0,0.023715415,22,0.468085106,66.00790514,28,0.595744681,0.774703557,0.043478261,3.319148936
Andover Branch,VT HEX 12.01,VT,riffle targeted kick net 1m2 area,9/2/2003,2.433333333,2,2.8,723,47,0.110650069,6,0.658367911,19,0.135546335,19,0.094052559,2,0,0,23.09820194,6,12.17150761,7,25.17289073,6,0.060857538,0,0.026279391,19,0.404255319,60.44260028,25,0.531914894,0.769017981,0.094052559,3.29787234
Batten Kill River,VT HEX 7.01,VT,riffle targeted kick net 1m2 area,9/3/2003,3.333333333,3,3.8,648,45,0.069444444,5,0.174382716,16,0.544753086,19,0.208333333,4,0,0,27.4691358,7,1.388888889,3,23.14814815,11,0.13117284,0,0.021604938,21,0.466666667,52.00617284,21,0.466666667,0.24382716,0.208333333,3.422222222
Blood Brook,VT HEX 13.03,VT,riffle targeted kick net 1m2 area,7/3/2003,2.666666667,2,3.2,314,43,0.251592357,8,0.48089172,15,0.213375796,16,0.044585987,2,0,0,16.56050955,5,21.01910828,9,37.89808917,9,0.114649682,0,0.070063694,23,0.534883721,75.47770701,23,0.534883721,0.732484076,0.044585987,3.139534884
East Branch North River,VT HEX 2.01,VT,riffle targeted kick net 1m2 area,7/14/2003,2.666666667,2,3.2,1161,58,0.181739879,10,0.406546081,24,0.261843239,19,0.142980189,5,0,0,39.27648579,8,4.220499569,8,27.47631352,9,0.136950904,0,0.010335917,25,0.431034483,70.97329888,34,0.586206897,0.58828596,0.142980189,3.327586207
Gihon River,VT HEX 14.02 (RD),VT,riffle targeted kick net 1m2 area,,3.233333333,3,3.5,731,38,0.079343365,5,0.238030096,13,0.482900137,15,0.198358413,4,0,0,36.6621067,8,3.146374829,6,36.6621067,6,0.192886457,0,0,20,0.526315789,76.47058824,18,0.473684211,0.317373461,0.198358413,3.394736842
Hancock Brook,VT HEX 1.01 (RD),VT,riffle targeted kick net 1m2 area,7/29/2003,3.333333333,3,3.5,521,44,0.088291747,6,0.211132438,18,0.504798464,15,0.190019194,3,0,0,2.303262956,4,13.62763916,7,24.37619962,6,0.165067179,0,0.017274472,17,0.386363636,40.30710173,24,0.545454545,0.299424184,0.190019194,3.204545455
Hubbard Brook,VT HEX 14.02,VT,riffle targeted kick net 1m2 area,7/8/2003,2.9,2,3.5,344,36,0.281976744,7,0.433139535,14,0.255813953,12,0.026162791,2,0,0,32.84883721,4,16.56976744,7,27.90697674,8,0.046511628,0,0.130813953,19,0.527777778,77.3255814,21,0.583333333,0.715116279,0.026162791,3.166666667
Kent Pond Outlet,VT HEX 4.01 (RD),VT,riffle targeted kick net 1m2 area,,5,4.8,5.2,190,27,0,0,0.284210526,6,0.442105263,14,0.268421053,6,0,0,2.105263158,1,0.526315789,1,10,3,0.084210526,0,0.010526316,5,0.185185185,12.63157895,6,0.222222222,0.284210526,0.268421053,3.851851852
Miles Stream,VT HEX 8.02 (2005),VT,riffle targeted kick net 1m2 area,8/6/2003,2.566666667,2,3.2,450,49,0.128888889,7,0.442222222,19,0.284444444,19,0.144444444,4,0,0,42.88888889,8,4.222222222,6,26.44444444,10,0.135555556,0,0.002222222,24,0.489795918,73.55555556,26,0.530612245,0.571111111,0.144444444,3.408163265
Mill Brook (Fairfax VT),VT HEX 13.03 (RD) (2004),VT,riffle targeted kick net 1m2 area,,3.433333333,3,3.8,458,43,0.043668122,4,0.22489083,12,0.401746725,21,0.329694323,6,0,0,9.6069869,3,13.31877729,4,32.7510917,7,0.296943231,0,0.008733624,14,0.325581395,55.6768559,16,0.372093023,0.268558952,0.329694323,3.674418605
Mill Brook (Rupert VT),VT HEX 10.01 (RD) (2004),VT,riffle targeted kick net 1m2 area,7/9/2003,3.433333333,3,3.8,938,42,0.085287846,7,0.192963753,15,0.360341151,16,0.361407249,4,0,0,16.84434968,5,7.8891258,5,44.24307036,9,0.356076759,0,0.001066098,19,0.452380952,68.97654584,22,0.523809524,0.278251599,0.361407249,3.404761905
Mill River (Georgia VT),VT HEX 4.01 (2004),VT,riffle targeted kick net 1m2 area,,3.333333333,3,3.8,294,35,0.098639456,3,0.530612245,15,0.204081633,14,0.074829932,2,0,0,5.442176871,3,32.31292517,6,12.92517007,6,0.074829932,0,0.003401361,15,0.428571429,50.68027211,18,0.514285714,0.629251701,0.074829932,3.342857143
Morril Brook,VT HEX 15.01 (2005),VT,riffle targeted kick net 1m2 area,8/21/2003,2.433333333,2,2.8,562,45,0.300711744,7,0.346975089,18,0.185053381,17,0.165480427,2,0,0,33.80782918,6,13.16725979,9,28.46975089,6,0.165480427,0,0.003558719,21,0.466666667,75.44483986,25,0.555555556,0.647686833,0.165480427,3.244444444
Mosher Meadow Brook,VT HEX 15.01 (2004),VT,riffle targeted kick net 1m2 area,8/21/2003,2.566666667,2,3.2,504,48,0.178571429,6,0.402777778,19,0.275793651,19,0.140873016,3,0,0,40.87301587,6,7.738095238,8,22.22222222,9,0.10515873,0,0.005952381,23,0.479166667,70.83333333,25,0.520833333,0.581349206,0.140873016,3.333333333
Mount Tabor Brook,VT HEX 11.01,VT,riffle targeted kick net 1m2 area,7/11/2003,2.566666667,2,3.2,797,48,0.303638645,8,0.409033877,14,0.234629862,22,0.052697616,4,0,0,36.5119197,7,9.033877039,6,16.5621079,6,0.04642409,0,0.011292346,19,0.395833333,62.10790464,22,0.458333333,0.712672522,0.052697616,3.458333333
North Branch Ball Mountain Brook,VT HEX 8.02,VT,riffle targeted kick net 1m2 area,9/2/2003,2.566666667,2,3.2,593,37,0.136593592,8,0.41989882,13,0.276559865,14,0.166947723,2,0,0,36.42495784,8,6.408094435,6,35.07588533,6,0.160202361,0,0,20,0.540540541,77.90893761,21,0.567567568,0.556492411,0.166947723,3.27027027
Pherrins River,VT HEX 8.01 (2004),VT,riffle targeted kick net 1m2 area,8/20/2003,2.566666667,2,3.2,930,56,0.140860215,6,0.44516129,22,0.234408602,22,0.131182796,6,0,0,46.23655914,6,8.709677419,8,16.98924731,11,0.074193548,0,0.003225806,25,0.446428571,71.93548387,28,0.5,0.586021505,0.131182796,3.5
Seaver Brook,VT HEX 2.03,VT,riffle targeted kick net 1m2 area,,3.566666667,3,4.2,583,43,0.041166381,4,0.200686106,14,0.420240137,21,0.337907376,4,0,0,29.67409949,6,5.831903945,7,25.55746141,6,0.15780446,0,0.039451115,19,0.441860465,61.06346484,18,0.418604651,0.241852487,0.337907376,3.581395349
Goshen Brook Trib #2,VT HEX 8.02 (2006),VT,riffle targeted kick net 1m2 area,7/9/2003,2.233333333,2,2.5,612,43,0.222222222,8,0.504901961,12,0.147058824,17,0.094771242,4,0,0,21.07843137,7,28.26797386,8,27.12418301,8,0.075163399,0,0.001633987,23,0.534883721,76.47058824,20,0.465116279,0.727124183,0.094771242,3.255813953
Whitman Brook Trib # 1,VT HEX 5.01 (RD),VT,riffle targeted kick net 1m2 area,,3.1,2,3.8,322,47,0.108695652,8,0.462732919,15,0.236024845,16,0.177018634,5,0,0,5.900621118,4,21.11801242,8,24.22360248,10,0.158385093,0,0.01552795,22,0.468085106,51.24223602,23,0.489361702,0.571428571,0.177018634,3.191489362
Trib To Green River,VT HEX 6.02,VT,riffle targeted kick net 1m2 area,7/14/2003,2,2,2,887,56,0.169109357,8,0.559188275,23,0.196166855,21,0.072153326,2,0,0,12.06313416,6,19.72942503,9,23.33709132,10,0.114994363,0,0.00789177,25,0.446428571,55.12965051,31,0.553571429,0.728297632,0.072153326,3.196428571
Wardsboro Brook Trib #5,VT HEX 8.01,VT,riffle targeted kick net 1m2 area,8/1/2003,2.333333333,2,2.5,391,39,0.250639386,7,0.401534527,15,0.122762148,12,0.199488491,1,0,0,6.905370844,4,19.18158568,6,37.8516624,7,0.204603581,0,0.010230179,17,0.435897436,63.93861893,22,0.564102564,0.652173913,0.199488491,2.871794872
Lamoille River,VT HEX 12.01,VT,riffle targeted kick net 1m2 area,12/13/2002,3,3,3,634,33,0.075709779,7,0.310725552,9,0.460567823,15,0.146687697,1,0,0,44.63722397,9,1.41955836,3,32.33438486,5,0.146687697,0,0.003154574,17,0.515151515,78.39116719,16,0.484848485,0.386435331,0.146687697,3.212121212
Ames Brook,NH HEX 28.03,NH,Artificial substrate rock basket,9/5/2003,2.75,2,3.5,508,41,0.114173228,5,0.381889764,12,0.289370079,17,0.06496063,5,0,0,48.42519685,7,1.57480315,4,10.82677165,12,0.005905512,0,0.025590551,23,0.56097561,60.82677165,17,0.414634146,0.496062992,0.06496063,3.390243902
Ash Swamp Brook,NH HEX 57.03,NH,Artificial substrate rock basket,9/19/2002,4.5,4.5,4.5,465,39,0,0,0.03655914,7,0.535483871,21,0.253763441,7,0,0,1.290322581,4,0.860215054,3,9.462365591,6,0.08172043,0,0.275268817,13,0.333333333,11.61290323,7,0.179487179,0.03655914,0.253763441,3.58974359
Beaver Brook,NH HEX 61.04,NH,Artificial substrate rock basket,9/16/2002,4.1,4,4.2,354,33,0,0,0.138418079,5,0.579096045,20,0.169491525,6,0,0,18.07909605,5,0.282485876,1,37.28813559,8,0.028248588,0.005649718,0.169491525,14,0.424242424,55.64971751,5,0.151515152,0.138418079,0.169491525,3.787878788
Bog Brook,NH HEX 10.02,NH,Artificial substrate rock basket,9/17/2003,2.25,2,2.5,1010,51,0.121782178,9,0.284158416,15,0.37029703,18,0.147524752,6,0,0,48.91089109,9,3.663366337,9,15.24752475,13,0.084158416,0.003960396,0.059405941,31,0.607843137,67.82178218,24,0.470588235,0.405940594,0.147524752,3.235294118
Bumpus Brook,NH HEX 11.01,NH,Artificial substrate rock basket,9/23/2002,4.833333333,4.5,5,158,10,0.784810127,2,0.018987342,2,0.107594937,5,0,0,0,0,1.898734177,3,0.632911392,1,79.74683544,3,0,0,0.075949367,7,0.7,82.27848101,4,0.4,0.803797468,0,3
Churchill Brook,NH HEX 35.01,NH,Artificial substrate rock basket,9/18/2002,4.25,4,4.5,473,31,0.057082452,3,0.209302326,7,0.418604651,18,0.059196617,1,0,0,16.91331924,4,0.21141649,1,24.94714588,7,0,0,0.164904863,12,0.387096774,42.07188161,10,0.322580645,0.266384778,0.059196617,3.35483871
Clark Brook,NH HEX 17.03,NH,Artificial substrate rock basket,9/25/2002,3.1,2.8,3.5,747,39,0.088353414,4,0.140562249,12,0.527443106,13,0.13253012,6,0,0,18.87550201,6,6.291834003,6,37.21552878,9,0.046854083,0,0.021419009,21,0.538461538,62.38286479,16,0.41025641,0.228915663,0.13253012,3.230769231
Contoocook River,NH HEX 52.01,NH,Artificial substrate rock basket,11/25/2003,3.766666667,3.5,4,455,31,0.101098901,2,0.079120879,9,0.294505495,16,0.173626374,3,0,0,18.02197802,6,6.153846154,4,20.43956044,9,0.162637363,0,0.028571429,19,0.612903226,44.61538462,11,0.35483871,0.18021978,0.173626374,3.548387097
Dodge Brook,NH HEX 44.02,NH,Artificial substrate rock basket,10/20/2003,4.2,4.2,4.2,680,34,0.080882353,2,0.135294118,6,0.295588235,17,0.194117647,6,0,0,15.14705882,4,0.294117647,1,25.29411765,11,0.007352941,0.005882353,0.055882353,16,0.470588235,40.73529412,8,0.235294118,0.216176471,0.194117647,3.529411765
East Branch Saco River,NH HEX 16.02,NH,Artificial substrate rock basket,9/30/2003,2.4,2,2.8,801,47,0.237203496,8,0.143570537,18,0.134831461,15,0.052434457,4,0,0,23.84519351,8,7.865168539,9,16.22971286,12,0.02372035,0,0.017478152,29,0.617021277,47.94007491,26,0.553191489,0.380774032,0.052434457,3.191489362
Eastman Brook,NH HEX 18.01,NH,Artificial substrate rock basket,8/22/2003,2.75,2,3.5,530,36,0.230188679,9,0.186792453,11,0.347169811,11,0.018867925,3,0,0,6.41509434,7,13.20754717,6,23.20754717,9,0.016981132,0,0.005660377,22,0.611111111,42.83018868,20,0.555555556,0.416981132,0.018867925,3.055555556
Grant Brook,NH HEX 21.05,NH,Artificial substrate rock basket,9/25/2002,2.5,2,3,755,37,0.259602649,8,0.295364238,10,0.313907285,12,0.018543046,3,0,0,55.09933775,6,6.225165563,6,20.92715232,11,0.002649007,0,0.009271523,23,0.621621622,82.25165563,18,0.486486486,0.554966887,0.018543046,2.945945946
Hewes Brook,NH HEX 26.05,NH,Artificial substrate rock basket,9/2/2003,3.533333333,3,3.8,440,34,0.165909091,6,0.1,11,0.193181818,10,0.1,4,0,0,14.54545455,5,2.954545455,3,21.81818182,10,0.052272727,0,0.025,18,0.529411765,39.31818182,17,0.5,0.265909091,0.1,3.088235294
Indian Stream,NH HEX 2.05,NH,Artificial substrate rock basket,9/17/2003,3.6,3,4.2,1082,47,0.149722736,8,0.132162662,11,0.144177449,18,0.429759704,7,0,0,22.73567468,10,5.175600739,6,46.6728281,12,0.387245841,0.000924214,0.012014787,28,0.595744681,74.58410351,19,0.404255319,0.281885397,0.429759704,3.319148936
Johnson Brook,NH HEX 23.01,NH,Artificial substrate rock basket,9/18/2002,2.566666667,2.2,3,329,30,0.291793313,7,0.462006079,10,0.161094225,10,0.015197568,2,0,0,49.84802432,7,6.990881459,5,28.87537994,7,0.03343465,0,0.027355623,19,0.633333333,85.71428571,17,0.566666667,0.753799392,0.015197568,3.133333333
Mill Brook,NH HEX 58.03,NH,Artificial substrate rock basket,9/4/2003,3.6,3.2,4,764,36,0.146596859,4,0.108638743,8,0.238219895,18,0.137434555,4,0,0,19.89528796,3,0.392670157,2,17.80104712,10,0.041884817,0,0.02617801,15,0.416666667,38.08900524,12,0.333333333,0.255235602,0.137434555,3.444444444
Newell Brook,NH HEX 9.05,NH,Artificial substrate rock basket,9/23/2002,2.666666667,2.2,3,658,32,0.320668693,6,0.395136778,10,0.218844985,11,0.004559271,3,0,0,58.35866261,7,13.82978723,6,6.534954407,6,0.001519757,0,0.013677812,19,0.59375,78.72340426,16,0.5,0.715805471,0.004559271,3.15625
Otter Brook,NH HEX 51.04,NH,Artificial substrate rock basket,9/30/2002,3.333333333,2.5,4,729,33,0.127572016,4,0.082304527,9,0.264746228,14,0.294924554,4,0,0,24.96570645,5,2.880658436,3,36.89986283,14,0.245541838,0,0.013717421,22,0.666666667,64.74622771,13,0.393939394,0.209876543,0.294924554,3.363636364
Piscataquog River,NH HEX 45.04,NH,Artificial substrate rock basket,9/16/2002,4.266666667,3.8,5,318,34,0.047169811,2,0.166666667,6,0.600628931,19,0.059748428,5,0,0,28.30188679,5,0.943396226,1,23.27044025,9,0.031446541,0,0.235849057,15,0.441176471,52.51572327,8,0.235294118,0.213836478,0.059748428,3.617647059
Poland Brook,NH HEX 30.02,NH,Artificial substrate rock basket,9/8/2003,4.35,3.5,5.2,397,25,0.34256927,3,0.012594458,3,0.483627204,12,0.070528967,2,0,0,48.86649874,6,0,0,0.755667506,2,0,0,0.304785894,8,0.32,49.62216625,6,0.24,0.355163728,0.070528967,2.92
Purgatory Brook,NH HEX 53.01,NH,Artificial substrate rock basket,9/16/2002,4.1,3.5,5,136,25,0.066176471,1,0.345588235,4,0.463235294,15,0.044117647,3,0,0,36.02941176,4,14.70588235,2,19.11764706,6,0.007352941,0,0.044117647,12,0.48,69.85294118,5,0.2,0.411764706,0.044117647,3.56
Riddle Brook,NH HEX 54.01,NH,Artificial substrate rock basket,9/4/2003,5.5,5.5,5.5,344,21,0.029069767,1,0.002906977,1,0.043604651,9,0.311046512,5,0,0,3.488372093,2,0,0,2.034883721,4,0.005813953,0.23255814,0.296511628,6,0.285714286,5.523255814,2,0.095238095,0.031976744,0.311046512,3.142857143
Souhegan River,NH HEX 59.03,NH,Artificial substrate rock basket,9/30/2002,4.666666667,4.5,5,1791,33,0.001675042,3,0.018425461,5,0.078168621,15,0.046342825,7,0,0,0.390843104,5,0.558347292,2,6.644332775,10,0.044667783,0,0.034059185,17,0.515151515,7.593523171,8,0.242424242,0.020100503,0.046342825,3.515151515
Winnicut River,NH HEX 48.04,NH,Artificial substrate rock basket,9/3/2003,4.8,4.8,4.8,1569,35,0,0,0.002549395,2,0.22307202,20,0.407265774,9,0,0,0.956022945,3,0,0,30.59273423,6,0.298279159,0,0.29318037,9,0.257142857,31.54875717,2,0.057142857,0.002549395,0.407265774,3.742857143
Halfmoon Stream,ME HEX 48.05,ME,Artificial Substrate Rock Basket,8/12/2003,3.3,3,3.5,697,48,0.074605452,4,0.335724534,11,0.503586801,18,0.06456241,9,0,0,43.04160689,8,0.286944046,1,17.07317073,11,0.032998565,0,0.025824964,20,0.416666667,60.40172166,15,0.3125,0.410329986,0.06456241,3.291666667
Mill Brook,ME HEX 55.02,ME,Artificial Substrate Rock Basket,8/15/2003,3.7,2.8,4.8,496,36,0.012096774,3,0.225806452,10,0.596774194,17,0.151209677,5,0,0,6.451612903,5,4.233870968,1,30.44354839,9,0.153225806,0,0.002016129,15,0.416666667,41.12903226,13,0.361111111,0.237903226,0.151209677,3.583333333
Cupsuptic River,ME HEX 30.01,ME,Artificial Substrate Riffle Bags,8/19/2003,2.2,1.8,2.5,560,33,0.1125,7,0.676785714,11,0.128571429,11,0.076785714,4,0,0,74.10714286,8,3.035714286,3,10,10,0.075,0,0.001785714,21,0.636363636,87.14285714,18,0.545454545,0.789285714,0.076785714,3.363636364
Beaver Meadow Brook,CT HEX 39.01,CT,20 random toss 4m2 area,10/9/2002,3.5875,3,4.5,184,48,0.086956522,6,0.35326087,18,0.429347826,20,0.016304348,3,0,0,7.608695652,3,3.260869565,3,25,6,0.043478261,0.005434783,0.054347826,12,0.25,35.86956522,24,0.5,0.440217391,0.016304348,3.354166667
Beaver Meadow Brook,CT HEX 39.01,CT,riffle targeted kick net 2m2 area,10/9/2002,3.5875,3,4.5,182,37,0.049450549,5,0.554945055,14,0.340659341,15,0.043956044,1,0,0,6.593406593,4,10.43956044,4,32.96703297,8,0.208791209,0,0.038461538,16,0.432432432,50,19,0.513513514,0.604395604,0.043956044,3.162162162
Bentley Brook,CT HEX 33.04,CT,20 random toss 4m2 area,8/14/2002,4.041666667,3,4.8,219,46,0.00456621,1,0.365296804,18,0.488584475,23,0.114155251,4,0,0,2.283105023,3,8.219178082,2,15.52511416,7,0.105022831,0,0.050228311,12,0.260869565,26.02739726,19,0.413043478,0.369863014,0.114155251,3.652173913
Bentley Brook,CT HEX 33.04,CT,riffle targeted kick net 2m2 area,8/14/2002,4.041666667,3,4.8,189,34,0.021164021,2,0.423280423,14,0.402116402,15,0.142857143,2,0,0,1.058201058,1,7.936507937,5,32.27513228,8,0.148148148,0,0.037037037,14,0.411764706,41.26984127,16,0.470588235,0.444444444,0.142857143,3.411764706
Bladdens River,CT HEX 47.02,CT,riffle targeted kick net 2m2 area,10/31/2002,4.166666667,3.5,4.5,206,48,0.04368932,2,0.373786408,17,0.432038835,22,0.111650485,5,0,0,8.737864078,4,15.04854369,3,32.03883495,9,0.087378641,0,0.038834951,16,0.333333333,55.82524272,19,0.395833333,0.417475728,0.111650485,3.5
Bull Mountain Brook,CT HEX 27.02,CT,20 random toss 4m2 area,10/29/2002,4.125,3,5.2,211,37,0.009478673,2,0.194312796,10,0.758293839,22,0.037914692,3,0,0,4.265402844,2,7.109004739,3,3.791469194,5,0.023696682,0,0.151658768,10,0.27027027,15.16587678,12,0.324324324,0.203791469,0.037914692,3.702702703
Bull Mountain Brook,CT HEX 27.02,CT,riffle targeted kick net 2m2 area,10/29/2002,4.125,3,5.2,215,37,0.004651163,1,0.204651163,11,0.772093023,22,0.018604651,3,0,0,5.581395349,3,3.720930233,4,7.441860465,7,0.018604651,0,0.195348837,14,0.378378378,16.74418605,12,0.324324324,0.209302326,0.018604651,3.72972973
East Branch Byram River,CT HEX 59.01,CT,20 random toss 4m2 area,10/3/2002,4.208333333,3.8,4.8,197,37,0.086294416,2,0.182741117,10,0.47715736,15,0.23857868,8,0,0,12.69035533,3,3.045685279,3,8.629441624,3,0.081218274,0.081218274,0.111675127,9,0.243243243,24.36548223,12,0.324324324,0.269035533,0.23857868,3.621621622
East Branch Byram River,CT HEX 59.01,CT,riffle targeted kick net 2m2 area,10/3/2002,4.208333333,3.8,4.8,231,39,0.034632035,1,0.19047619,10,0.493506494,22,0.216450216,5,0,0,9.956709957,5,8.658008658,2,11.68831169,5,0.082251082,0.121212121,0.177489177,12,0.307692308,30.3030303,11,0.282051282,0.225108225,0.216450216,3.717948718
Ekonk River,CT HEX 25.03,CT,20 random toss 4m2 area,10/17/2002,3.575,3,4.5,228,41,0.026315789,3,0.342105263,16,0.596491228,18,0.021929825,3,0,0,5.263157895,4,2.192982456,3,6.140350877,7,0,0,0.078947368,14,0.341463415,13.59649123,19,0.463414634,0.368421053,0.021929825,3.43902439
Ekonk River,CT HEX 25.03,CT,riffle targeted kick net 2m2 area,10/17/2002,3.575,3,4.5,225,44,0.008888889,2,0.275555556,17,0.577777778,20,0.084444444,4,0,0,3.111111111,3,8.444444444,3,29.77777778,10,0.075555556,0,0.24,16,0.363636364,41.33333333,19,0.431818182,0.284444444,0.084444444,3.522727273
Farmington River,CT HEX 21.02,CT,20 random toss 4m2 area,10/21/2002,3.45,2.5,4.5,249,43,0.012048193,2,0.269076305,15,0.449799197,18,0.269076305,8,0,0,20.88353414,7,1.204819277,3,42.1686747,16,0.248995984,0,0.052208835,26,0.604651163,64.25702811,17,0.395348837,0.281124498,0.269076305,3.744186047
Farmington River,CT HEX 21.02,CT,riffle targeted kick net 2m2 area,10/21/2002,3.45,2.5,4.5,252,34,0.003968254,1,0.253968254,14,0.317460317,14,0.424603175,5,0,0,23.80952381,6,1.984126984,2,46.82539683,9,0.380952381,0,0.043650794,17,0.5,72.61904762,15,0.441176471,0.257936508,0.424603175,3.676470588
Flat Brook,CT HEX 31.02,CT,20 random toss 4m2 area,10/7/2002,3.125,2,4.5,192,40,0.046875,5,0.526041667,17,0.322916667,13,0.041666667,3,0,0,13.54166667,6,5.208333333,4,21.35416667,6,0.135416667,0,0.114583333,16,0.4,40.10416667,22,0.55,0.572916667,0.041666667,3.2
Flat Brook,CT HEX 31.02,CT,riffle targeted kick net 2m2 area,10/7/2002,3.125,2,4.5,245,35,0.069387755,6,0.583673469,15,0.187755102,11,0.142857143,3,0,0,8.979591837,5,5.714285714,4,44.48979592,9,0.27755102,0,0.012244898,18,0.514285714,59.18367347,21,0.6,0.653061224,0.142857143,3.314285714
Flat Brook,CT HEX 51.02,CT,20 random toss 4m2 area,10/15/2002,4.0375,2.8,5.5,195,54,0.030769231,4,0.41025641,17,0.364102564,25,0.174358974,7,0,0,4.102564103,3,3.076923077,5,11.79487179,9,0.066666667,0.01025641,0.179487179,17,0.314814815,18.97435897,21,0.388888889,0.441025641,0.174358974,3.592592593
Flat Brook,CT HEX 51.02,CT,riffle targeted kick net 2m2 area,10/15/2002,4.0375,2.8,5.5,243,31,0.004115226,1,0.395061728,11,0.29218107,16,0.308641975,3,0,0,1.646090535,1,0,0,47.73662551,9,0.329218107,0,0.028806584,10,0.322580645,49.38271605,12,0.387096774,0.399176955,0.308641975,3.677419355
Indian Meadow Brook,CT HEX 11.02,CT,20 random toss 4m2 area,10/8/2002,2.5875,2,3.5,200,50,0.125,7,0.39,18,0.395,21,0.075,3,0,0,20,5,12.5,6,10,10,0.01,0,0.12,21,0.42,42.5,25,0.5,0.515,0.075,3.34
Indian Meadow Brook,CT HEX 11.02,CT,riffle targeted kick net 2m2 area,10/8/2002,2.5875,2,3.5,208,41,0.230769231,6,0.548076923,16,0.168269231,14,0.052884615,5,0,0,35.57692308,6,15.86538462,8,12.98076923,10,0.019230769,0,0.038461538,24,0.585365854,64.42307692,22,0.536585366,0.778846154,0.052884615,3.43902439
Lake Waramaug Brook,CT HEX 19.02,CT,20 random toss 4m2 area,10/30/2002,3.5,2.8,4.5,261,45,0.049808429,5,0.295019157,11,0.398467433,21,0.252873563,7,0,0,12.2605364,5,11.87739464,5,27.5862069,6,0.237547893,0,0.042145594,16,0.355555556,51.72413793,16,0.355555556,0.344827586,0.252873563,3.6
Lake Waramaug Brook,CT HEX 19.02,CT,riffle targeted kick net 2m2 area,10/30/2002,3.5,2.8,4.5,236,28,0.008474576,1,0.427966102,10,0.199152542,12,0.36440678,5,0,0,28.38983051,6,8.898305085,3,41.10169492,6,0.343220339,0,0.042372881,15,0.535714286,78.38983051,11,0.392857143,0.436440678,0.36440678,3.75
Latimer Brook,CT HEX 41.05,CT,20 random toss 4m2 area,10/5/2002,3.825,3,4.5,211,37,0.08056872,2,0.208530806,10,0.63507109,19,0.052132701,5,0,0,22.27488152,4,3.317535545,1,6.161137441,7,0.033175355,0,0.421800948,12,0.324324324,31.7535545,12,0.324324324,0.289099526,0.052132701,3.648648649
Latimer Brook,CT HEX 41.05,CT,riffle targeted kick net 2m2 area,10/5/2002,3.825,3,4.5,245,36,0.040816327,3,0.334693878,17,0.371428571,14,0.253061224,2,0,0,9.387755102,4,4.081632653,3,34.69387755,6,0.253061224,0,0.065306122,13,0.361111111,48.16326531,20,0.555555556,0.375510204,0.253061224,3.416666667
Limekiln Brook,CT HEX 45.04,CT,20 random toss 4m2 area,10/5/2002,5.1375,4.2,5.5,202,31,0.00990099,2,0.292079208,5,0.455445545,18,0.242574257,6,0,0,2.475247525,3,25.74257426,2,23.26732673,5,0.202970297,0.014851485,0.044554455,10,0.322580645,51.48514851,7,0.225806452,0.301980198,0.242574257,3.903225806
Limekiln Brook,CT HEX 45.04,CT,riffle targeted kick net 2m2 area,10/5/2002,5.1375,4.2,5.5,209,18,0,0,0.263157895,6,0.100478469,9,0.636363636,3,0,0,4.306220096,2,22.96650718,1,64.11483254,5,0.626794258,0,0,8,0.444444444,91.38755981,6,0.333333333,0.263157895,0.636363636,3.833333333
Mashamoquet Brook,CT HEX 17.08,CT,20 random toss 4m2 area,10/22/2002,4.05,3.5,4.5,196,44,0.107142857,3,0.102040816,10,0.62244898,23,0.163265306,8,0,0,18.36734694,7,2.551020408,2,9.693877551,6,0.025510204,0.056122449,0.25,15,0.340909091,30.6122449,13,0.295454545,0.209183673,0.163265306,3.818181818
Mountain Brook,CT HEX 13.02,CT,20 random toss 4m2 area,10/28/2002,2.7,2,3.5,165,35,0.248484848,5,0.375757576,17,0.309090909,11,0.006060606,1,0,0,9.696969697,3,6.666666667,5,24.24242424,7,0.024242424,0,0.012121212,15,0.428571429,40.60606061,22,0.628571429,0.624242424,0.006060606,3.142857143
Mountain Brook,CT HEX 13.02,CT,riffle targeted kick net 2m2 area,10/28/2002,2.7,2,3.5,178,47,0.247191011,8,0.370786517,22,0.331460674,15,0.016853933,1,0,0,12.92134831,3,9.550561798,7,31.46067416,11,0.06741573,0,0.011235955,21,0.446808511,53.93258427,30,0.638297872,0.617977528,0.016853933,3.127659574
Naugatuck River,CT HEX 29.03,CT,20 random toss 4m2 area,10/1/2002,5.7,5,6.5,195,15,0,0,0.01025641,2,0.723076923,7,0.205128205,6,0,0,0.512820513,1,0,0,16.92307692,3,0.158974359,0,0.030769231,4,0.266666667,17.43589744,2,0.133333333,0.01025641,0.205128205,4.266666667
Naugatuck River,CT HEX 29.03,CT,riffle targeted kick net 2m2 area,10/1/2002,5.7,5,6.5,191,13,0,0,0.005235602,1,0.408376963,6,0.539267016,6,0,0,0,0,0,0,57.59162304,4,0.486910995,0,0.020942408,4,0.307692308,57.59162304,1,0.076923077,0.005235602,0.539267016,4.384615385
Naugatuck River,CT HEX 37.01,CT,20 random toss 4m2 area,10/2/2002,5.7875,5,6.5,202,22,0,0,0.004950495,1,0.297029703,12,0.683168317,9,0,0,0.495049505,1,0,0,62.87128713,4,0.410891089,0,0.227722772,5,0.227272727,63.36633663,1,0.045454545,0.004950495,0.683168317,4.363636364
Naugatuck River,CT HEX 37.01,CT,riffle targeted kick net 2m2 area,10/2/2002,5.7875,5,6.5,197,9,0,0,0,0,0.015228426,2,0.868020305,7,0,0,0.507614213,1,0,0,96.44670051,3,0.776649746,0,0,4,0.444444444,96.95431472,0,0,0,0.868020305,4.777777778
Norwalk River,CT HEX 53.04,CT,20 random toss 4m2 area,10/3/2002,4.9625,4.2,5.5,200,41,0.005,1,0.08,8,0.53,22,0.345,10,0,0,6,3,0.5,1,35.5,6,0.275,0,0.05,10,0.243902439,42,9,0.219512195,0.085,0.345,4
Norwalk River,CT HEX 53.04,CT,riffle targeted kick net 2m2 area,10/3/2002,4.9625,4.2,5.5,215,17,0,0,0.065116279,3,0.279069767,10,0.655813953,4,0,0,8.837209302,3,0,0,73.48837209,5,0.646511628,0,0,8,0.470588235,82.3255814,3,0.176470588,0.065116279,0.655813953,4.058823529
Pond Meadow Brook,CT HEX 49.05,CT,20 random toss 4m2 area,10/9/2002,3.85,3,5.2,215,41,0.004651163,1,0.446511628,13,0.418604651,23,0.130232558,4,0,0,6.976744186,5,3.720930233,4,21.39534884,6,0.11627907,0,0.041860465,15,0.365853659,32.09302326,14,0.341463415,0.451162791,0.130232558,3.731707317
Pond Meadow Brook,CT HEX 49.05,CT,riffle targeted kick net 2m2 area,10/9/2002,3.85,3,5.2,212,41,0.023584906,2,0.551886792,19,0.306603774,16,0.113207547,3,0,0,6.132075472,4,3.773584906,3,25,11,0.141509434,0,0.136792453,18,0.43902439,34.90566038,21,0.512195122,0.575471698,0.113207547,3.414634146
Pumpkin Ground Brook,CT HEX 55.01,CT,20 random toss 4m2 area,10/31/2002,5.25,4.5,5.8,209,34,0.023923445,1,0.071770335,4,0.789473684,21,0.114832536,8,0,0,2.392344498,1,0.956937799,1,9.56937799,5,0.076555024,0.009569378,0.401913876,7,0.205882353,12.91866029,5,0.147058824,0.09569378,0.114832536,4.058823529
Pumpkin Ground Brook,CT HEX 55.01,CT,riffle targeted kick net 2m2 area,10/31/2002,5.25,4.5,5.8,201,20,0.004975124,1,0.054726368,2,0.706467662,14,0.233830846,3,0,0,0,0,4.975124378,1,54.72636816,3,0.228855721,0,0.034825871,4,0.2,59.70149254,3,0.15,0.059701493,0.233830846,3.95
Rocky Brook,CT HEX 9.02,CT,20 random toss 4m2 area,10/17/2002,3.625,2,5,260,45,0.092307692,6,0.357692308,15,0.5,22,0.026923077,2,0,0,11.15384615,2,13.07692308,7,22.30769231,10,0.103846154,0,0.134615385,19,0.422222222,46.53846154,21,0.466666667,0.45,0.026923077,3.444444444
Rocky Brook,CT HEX 9.02,CT,riffle targeted kick net 2m2 area,10/17/2002,3.625,2,5,198,24,0.101010101,3,0.439393939,7,0.313131313,12,0.121212121,1,0,0,6.565656566,1,17.67676768,5,42.42424242,5,0.353535354,0,0.141414141,11,0.458333333,66.66666667,10,0.416666667,0.54040404,0.121212121,3.333333333
Sages Ravine Brook,CT HEX 1.08,CT,20 random toss 4m2 area,10/21/2002,3.4875,2.8,4.5,205,35,0.112195122,8,0.268292683,14,0.585365854,10,0.024390244,2,0,0,5.365853659,4,1.951219512,4,21.95121951,10,0.063414634,0,0.014634146,18,0.514285714,29.26829268,22,0.628571429,0.380487805,0.024390244,3.085714286
Sages Ravine Brook,CT HEX 1.08,CT,riffle targeted kick net 2m2 area,10/21/2002,3.4875,2.8,4.5,175,29,0.114285714,5,0.182857143,11,0.68,11,0.017142857,1,0,0,4.571428571,4,3.428571429,5,16,6,0.051428571,0,0.011428571,15,0.517241379,24,16,0.551724138,0.297142857,0.017142857,3.172413793
Sandy Brook,CT HEX 3.01,CT,20 random toss 4m2 area,10/8/2002,2.425,2,3.5,234,59,0.200854701,9,0.354700855,18,0.333333333,25,0.098290598,6,0,0,20.94017094,7,5.982905983,4,22.22222222,16,0.02991453,0.004273504,0.047008547,27,0.457627119,49.14529915,27,0.457627119,0.555555556,0.098290598,3.423728814
Sandy Brook,CT HEX 3.01,CT,riffle targeted kick net 2m2 area,10/8/2002,2.425,2,3.5,210,45,0.266666667,12,0.452380952,14,0.171428571,14,0.1,4,0,0,35.71428571,8,8.095238095,7,31.42857143,15,0.076190476,0,0,30,0.666666667,75.23809524,26,0.577777778,0.719047619,0.1,3.155555556
Sawmill Brook,CT HEX 35.05,CT,20 random toss 4m2 area,10/29/2002,2.7125,2,3.5,192,47,0.130208333,8,0.546875,18,0.270833333,19,0.03125,2,0,0,7.291666667,4,12.5,5,23.4375,8,0.067708333,0,0.041666667,17,0.361702128,43.22916667,26,0.553191489,0.677083333,0.03125,3.319148936
Sawmill Brook,CT HEX 35.05,CT,riffle targeted kick net 2m2 area,10/29/2002,2.7125,2,3.5,207,39,0.241545894,6,0.492753623,16,0.198067633,14,0.057971014,2,0,0,6.763285024,4,20.77294686,5,35.26570048,7,0.144927536,0,0.024154589,16,0.41025641,62.80193237,22,0.564102564,0.734299517,0.057971014,3.230769231
Shunock River,CT HEX 43.01,CT,20 random toss 4m2 area,10/24/2002,3.783333333,3,4.8,199,45,0.020100503,2,0.236180905,11,0.537688442,25,0.201005025,7,0,0,28.64321608,6,0,0,18.59296482,9,0.08040201,0,0.195979899,15,0.333333333,47.2361809,13,0.288888889,0.256281407,0.201005025,3.822222222
Shunock River,CT HEX 43.01,CT,riffle targeted kick net 2m2 area,10/24/2002,3.783333333,3,4.8,216,40,0,0,0.421296296,15,0.37962963,19,0.175925926,6,0,0,28.7037037,5,2.314814815,2,25.46296296,10,0.138888889,0,0.125,17,0.425,56.48148148,15,0.375,0.421296296,0.175925926,3.775
Shunock River,CT HEX 52.07,CT,20 random toss 4m2 area,10/7/2003,3.3625,2.8,3.8,234,45,0.008547009,1,0.273504274,16,0.431623932,19,0.282051282,9,0,0,5.555555556,5,2.564102564,3,43.58974359,12,0.200854701,0,0.136752137,20,0.444444444,51.70940171,17,0.377777778,0.282051282,0.282051282,3.8
Shunock River,CT HEX 52.07,CT,riffle targeted kick net 2m2 area,10/7/2003,3.3625,2.8,3.8,223,41,0.004484305,1,0.278026906,17,0.515695067,15,0.197309417,7,0.004484305,1,3.587443946,4,2.69058296,2,51.56950673,11,0.156950673,0,0.044843049,17,0.414634146,57.84753363,18,0.43902439,0.282511211,0.201793722,3.756097561
Stickney Hill Brook,CT HEX 7.06,CT,20 random toss 4m2 area,10/10/2002,3.075,2,4.8,202,38,0.222772277,5,0.366336634,14,0.376237624,19,0,0,0,0,39.6039604,7,13.36633663,4,2.97029703,4,0.004950495,0.01980198,0.054455446,15,0.394736842,55.94059406,19,0.5,0.589108911,0,3.368421053
Stickney Hill Brook,CT HEX 7.06,CT,riffle targeted kick net 2m2 area,10/10/2002,3.075,2,4.8,195,43,0.148717949,7,0.564102564,17,0.128205128,15,0.082051282,2,0,0,16.41025641,6,14.87179487,7,16.92307692,8,0.117948718,0,0.015384615,21,0.488372093,48.20512821,24,0.558139535,0.712820513,0.082051282,3.139534884
